idProposicao,idAutor
2482075,179000
2482076,179000
2482079,220686
2482081,220686
2482081,220540
2482103,204388
2482103,220654
2482103,220570
2482103,178871
2482103,220551
2482103,204472
2482103,74585
2482103,220547
2482103,220655
2482103,220530
2482103,220693
2482103,230767
2482103,165470
2482103,204387
2482103,220621
2482103,220597
2482103,220558
2482106,80815
2482108,80815
2482114,178871
2482116,178871
2482117,178871
2482120,178871
2482121,178871
2482122,178871
2482124,178989
2482126,178989
2482128,178989
2482131,204526
2482135,204412
2482138,204412
2482140,178989
2482155,178989
2482156,220706
2482157,178989
2482162,141464
2482171,220543
2482173,220543
2482176,220543
2482178,220543
2482180,220543
2482183,220543
2482207,220530
2482215,73579
2482217,73579
2482220,73579
2482223,73579
2482225,73579
2482228,73579
2482230,73579
2482236,73579
2482249,73579
2482250,73579
2482252,137070
2482258,220623
2482264,74398
2482266,160599
2482267,204536
2482269,220630
2482273,220659
2482274,74057
2482274,220555
2482274,74060
2482274,230765
2482274,74848
2482274,81055
2482274,178987
2482274,73801
2482275,220555
2482276,220707
2482276,220549
2482276,206018
2482276,226179
2482276,74856
2482276,220566
2482276,220580
2482276,221338
2482276,220695
2482276,104552
2482276,220564
2482278,104552
2482279,104552
2482280,220659
2482281,66385
2482290,219585
2482292,73778
2482294,220659
2482296,162067
2482298,160673
2482300,162067
2482301,220659
2482306,220659
2482309,160673
2482311,220644
2482318,220563
2482373,88256
2482375,160673
2482378,220558
2482380,178829
2482383,178989
2482384,220569
2482385,220569
2482386,74478
2482387,178829
2482388,220651
2482390,178947
2482392,220605
2482392,72442
2482392,220667
2482395,204367
2482402,204482
2482404,204378
2482405,220586
2482406,220607
2482411,220597
2482412,220597
2482415,220597
2482416,98615
2482417,220578
2482418,220686
2482423,160604
2482425,204550
2482427,73579
2482427,220576
2482427,178829
2482427,204378
2482427,220590
2482427,220659
2482427,220673
2482427,204512
2482427,178871
2482427,220545
2482427,220551
2482427,204473
2482427,220568
2482427,74273
2482427,204536
2482427,204455
2482427,133810
2482427,220655
2482427,220609
2482427,220550
2482427,204406
2482427,220693
2482427,220644
2482427,204387
2482428,74262
2482432,137070
2482438,178972
2482444,220540
2482448,220540
2482465,220548
2482465,206018
2482465,74171
2482465,220645
2482465,204407
2482465,152605
2482465,220639
2482465,73531
2482465,74784
2482465,220615
2482465,221338
2482465,204535
2482465,204464
2482465,220598
2482468,220540
2482469,220540
2482470,220645
2482471,220645
2482475,220569
2482477,220686
2482477,220540
2482492,160673
2482493,220686
2482493,220540
2482494,220618
2482495,220618
2482496,220618
2482499,220618
2482500,220540
2482502,204407
2482502,152605
2482502,204535
2482511,160673
2482518,178954
2482519,220540
2482528,178954
2482531,178954
2482532,178954
2482534,178954
2482546,220607
2482550,220607
2482555,220639
2482557,220712
2482568,204528
2482570,204528
2482572,204528
2482573,204528
2482574,204528
2482574,220633
2482575,204528
2482575,220633
2482576,204528
2482576,220633
2482577,204528
2482577,220633
2482578,204528
2482578,204365
2482578,220633
2482579,204528
2482579,204365
2482579,220633
2482580,204528
2482580,220633
2482581,204528
2482582,204528
2482583,204528
2482587,74041
2482589,160548
2482591,160548
2482592,160548
2482594,220529
2482596,220529
2482597,74856
2482598,74856
2482602,220529
2482604,74084
2482605,220639
2482609,220529
2482610,213762
2482615,204553
2482616,204553
2482618,74856
2482624,220645
2482628,204374
2482628,204507
2482628,220712
2482628,220559
2482628,204525
2482628,178946
2482633,74856
2482636,74856
2482637,74856
2482640,74158
2482642,74856
2482644,210989
2482648,220656
2482649,74158
2482652,74158
2482655,206018
2482655,220645
2482655,204407
2482655,152605
2482655,220639
2482655,73531
2482655,74784
2482655,220615
2482655,221338
2482655,204535
2482655,204464
2482655,220598
2482655,157130
2482656,220659
2482657,204410
2482658,204410
2482659,204410
2482660,204410
2482662,204410
2482663,210989
2482664,220607
2482665,220594
2482666,220594
2482667,220594
2482668,220594
2482669,220594
2482671,74856
2482672,220550
2482673,210989
2482677,204511
2482678,204511
2482679,204511
2482682,220550
2482684,73531
2482684,204464
2482687,136811
2482687,220538
2482687,160559
2482687,220549
2482687,178963
2482687,220663
2482687,72442
2482687,204394
2482687,178964
2482687,220563
2482687,178931
2482687,204406
2482687,73486
2482687,163321
2482687,220560
2482690,220620
2482691,220620
2482692,220656
2482693,141411
2482694,220628
2482695,220602
2482696,220602
2482699,220600
2482700,204572
2482702,204572
2482703,204572
2482704,220607
2482705,204572
2482711,220654
2482711,204416
2482711,220552
2482712,220584
2482717,74160
2482718,74160
2482752,160673
2482829,220611
2482831,220618
2482836,220611
2482838,220611
2482843,204528
2482843,73579
2482843,160545
2482843,204388
2482843,220574
2482843,204572
2482843,220690
2482843,204460
2482843,204378
2482843,220666
2482843,220590
2482843,204511
2482843,220659
2482843,220625
2482843,178908
2482843,220583
2482843,220652
2482843,220654
2482843,220619
2482843,178929
2482843,220570
2482843,178871
2482843,204368
2482843,220545
2482843,220568
2482843,74273
2482843,204472
2482843,204520
2482843,204536
2482843,204526
2482843,156190
2482843,220547
2482843,220550
2482843,220530
2482843,204479
2482843,204570
2482843,161440
2482843,220626
2482843,74084
2482843,220633
2482843,220546
2482843,230767
2482843,204387
2482843,220621
2482843,220579
2482843,220560
2482843,137070
2482850,220618
2482857,141411
2482862,98057
2482866,178835
2482869,214694
2482870,226708
2482871,74084
2482874,220642
2482875,220642
2482876,220642
2482877,220642
2482878,220642
2482879,226708
2482880,74856
2482883,220540
2482884,220609
2482886,143632
2482887,220646
2482887,220609
2482888,220540
2482893,220607
2482902,178829
2482904,220609
2482912,220564
2482914,204511
2482930,220588
2482944,220628
2482950,220607
2482955,220574
2482959,88256
2482960,88256
2482961,88256
2482962,88256
2482963,220569
2482966,88256
2482967,204524
2482969,220607
2482983,204536
2482983,205865
2482987,226708
2482988,226708
2482998,204441
2483018,178871
2483026,220540
2483038,160635
2483041,161440
2483052,161440
2483053,161440
2483068,220556
2483074,204444
2483084,178871
2483085,220568
2483087,218086
2483091,220644
2483107,74858
2483120,220630
2483121,74856
2483122,220585
2483128,160512
2483130,160512
2483132,220584
2483136,220559
2483137,204462
2483140,160512
2483141,160512
2483142,160512
2483143,204528
2483157,221328
2483157,204528
2483157,73579
2483157,220557
2483157,220654
2483157,178871
2483157,204472
2483157,204520
2483157,204526
2483157,220530
2483157,161440
2483157,220644
2483157,204416
2483157,220579
2483160,139285
2483161,139285
2483162,122974
2483172,153423
2483173,153423
2483174,153423
2483175,204536
2483178,133439
2483180,204536
2483182,204536
2483184,220644
2483186,204365
2483252,204372
2483255,66828
2483258,74356
2483273,160642
2483289,220697
2483297,220565
2483298,178989
2483299,178989
2483301,178835
2483301,160673
2483301,178964
2483301,204404
2483301,179001
2483301,160535
2483301,204406
2483301,73486
2483302,220586
2483358,220565
2483359,220566
2483360,220566
2483361,178829
2483363,160629
2483364,160629
2483365,160629
2483412,220543
2483420,204460
2483431,220706
2483435,220585
2483441,220609
2483442,220706
2483443,141391
2483447,220623
2483457,220687
2483486,204444
2483486,204449
2483489,204462
2483490,204462
2483495,141470
2483496,141470
2483498,141470
2483500,141470
2483501,141470
2483502,74856
2483518,220663
2483524,220607
2483529,73778
2483536,178989
2483537,178989
2483538,178989
2483540,220663
2483544,220704
2483546,204449
2483548,141470
2483555,220660
2483561,204517
2483590,220667
2483601,178970
2483602,141421
2483603,220540
2483604,73579
2483604,220576
2483604,220657
2483604,204388
2483604,220574
2483604,204572
2483604,220690
2483604,204460
2483604,204369
2483604,220665
2483604,220594
2483604,204378
2483604,220590
2483604,220557
2483604,220659
2483604,178908
2483604,220583
2483604,220654
2483604,220619
2483604,92346
2483604,178871
2483604,220545
2483604,220534
2483604,204473
2483604,204472
2483604,204536
2483604,204404
2483604,204526
2483604,220547
2483604,220655
2483604,220628
2483604,220530
2483604,204449
2483604,220706
2483604,161440
2483604,74084
2483604,220693
2483604,165470
2483604,220644
2483604,204416
2483604,204387
2483604,220569
2483604,178947
2483604,220558
2483609,220540
2483650,204379
2483651,178970
2483678,160548
2483679,160548
2483680,160548
2483683,122158
2483686,220547
2483688,220547
2483701,204459
2483718,220585
2483727,220529
2483730,74856
2483732,191923
2483741,178947
2483780,220546
2483785,204455
2483803,220577
2483804,220569
2483805,204536
2483819,220598
2483837,205476
2483840,227660
2483841,220597
2483852,220712
2483853,226837
2483854,73778
2483858,137070
2483861,220665
2483862,221148
2483863,122974
2483870,204444
2483872,74374
2483876,74374
2483881,160673
2483884,204444
2483886,219585
2483888,178954
2483889,160512
2483889,141518
2483893,178933
2483902,204572
2483911,220646
2483920,160632
2483921,220646
2483925,204570
2483928,204570
2483941,160512
2483942,220579
2483947,204479
2483957,220706
2483958,227660
2483959,220558
2483962,220584
2483964,178843
2483973,220630
2483974,220630
2483975,220630
2483976,220630
2483977,220630
2483979,204526
2483984,160629
2483986,220534
2484002,218086
2484007,74158
2484026,178871
2484047,220556
2484048,220556
2484051,220597
2484061,178871
2484063,178871
2484071,220714
2484072,220611
2484073,220611
2484078,220547
2484083,160559
2484084,220628
2484085,204520
2484087,220588
2484089,220686
2484092,220527
2484097,220557
2484101,220656
2484103,220618
2484110,204412
2484111,220686
2484111,220540
2484112,204412
2484126,204361
2484136,204517
2484142,74585
2484144,204536
2484145,204387
2484156,160512
2484160,204361
2484162,137070
2484165,204570
2484232,74356
2484233,220530
2484246,220645
2484246,220639
2484246,220615
2484246,221338
2484252,204520
2484254,204488
2484256,204512
2484257,160512
2484260,220548
2484269,204536
2484298,160548
2484299,160548
2484301,160548
2484341,204525
2484344,220609
2484344,220630
2484345,220609
2484345,220630
2484346,220609
2484346,220630
2484353,220563
2484354,220647
2484366,160575
2484379,178843
2484384,74398
2484389,204482
2484392,160635
2484393,66385
2484412,220668
2484417,204553
2484419,204464
2484421,74856
2484423,220668
2484424,220571
2484430,160161
2484431,220584
2484433,220665
2484442,220594
2484451,220659
2484451,204412
2484454,178829
2484462,220580
2484463,220668
2484466,204412
2484467,178829
2484468,74356
2484470,204388
2484475,220624
2484488,178910
2484539,220542
2484545,104552
2484546,73579
2484552,178829
2484554,178964
2484556,204511
2484557,74253
2484558,74253
2484569,220539
2484575,220539
2484580,74095
2484589,220614
2484601,204455
2484618,204444
2484620,204388
2484625,191923
2484634,213762
2484641,220646
2484642,220540
2484643,220607
2484644,204464
2484648,220540
2484652,220686
2484652,220540
2484656,220540
2484657,66828
2484668,204372
2484675,204559
2484679,178871
2484725,178871
2484828,122974
2484831,74044
2484838,220540
2484850,220540
2484888,178873
2484937,220540
2484946,220540
2485045,220586
2485055,74356
2485058,69871
2485059,220540
2485060,220629
2485064,220669
2485065,204488
2485072,73441
2485075,220586
2485082,220652
2485083,227660
2485084,227660
2485085,227660
2485096,220565
2485097,220565
2485098,220565
2485099,220565
2485100,220565
2485101,220565
2485102,220622
2485103,74356
2485111,220665
2485112,178989
2485120,220573
2485122,220659
2485135,220559
2485142,221338
2485155,220600
2485158,74356
2485164,74283
2485168,178947
2485169,178947
2485193,204460
2485200,220584
2485209,220599
2485210,220599
2485212,74856
2485213,204372
2485214,178972
2485215,220558
2485219,220687
2485220,73579
2485220,204374
2485220,204388
2485220,204572
2485220,213762
2485220,204507
2485220,204460
2485220,204378
2485220,220666
2485220,220673
2485220,220583
2485220,220654
2485220,220619
2485220,220610
2485220,178871
2485220,220545
2485220,220526
2485220,220568
2485220,204472
2485220,204455
2485220,204526
2485220,220655
2485220,220628
2485220,220550
2485220,220530
2485220,161440
2485220,74084
2485220,220693
2485220,165470
2485220,204416
2485220,204387
2485220,220579
2485220,220558
2485228,162067
2485231,220663
2485232,178989
2485244,220640
2485246,220644
2485255,204560
2485256,220589
2485258,109429
2485259,109429
2485260,109429
2485262,109429
2485272,109429
2485273,109429
2485284,220589
2485287,220584
2485302,109429
2485303,109429
2485308,109429
2485309,226837
2485312,204557
2485313,109429
2485314,226837
2485316,220690
2485316,220642
2485320,109429
2485321,204560
2485328,220684
2485345,109429
2485355,220586
2485373,141470
2485380,73579
2485396,136811
2485400,204379
2485410,73579
2485422,220646
2485427,220614
2485429,220667
2485436,220554
2485436,220700
2485436,74041
2485443,220690
2485444,220673
2485455,104552
2485457,220607
2485458,204570
2485459,220549
2485476,220607
2485485,220656
2485487,220656
2485501,204372
2485502,204540
2485503,138286
2485506,204449
2485507,204482
2485509,204512
2485510,178931
2485513,220629
2485557,220672
2485559,160548
2485560,160548
2485561,160548
2485565,204462
2485574,204536
2485575,204536
2485576,204536
2485579,204449
2485587,74858
2485591,178871
2485595,204536
2485599,204488
2485604,213762
2485604,220557
2485604,220659
2485604,178871
2485604,204536
2485604,220644
2485604,220579
2485604,220569
2485608,220607
2485611,133810
2485614,220607
2485623,218086
2485624,204372
2485627,220686
2485762,220546
2485763,220666
2485764,220534
2485765,178931
2485774,220706
2485776,178970
2485778,74428
2485820,141518
2485830,92102
2485839,220622
2485846,220557
2485849,220621
2485852,74161
2485859,220702
2485860,204559
2485863,204464
2485867,204426
2485874,219585
2485875,219585
2485876,204525
2485880,220583
2485894,73579
2485897,220588
2485898,178947
2485899,73486
2485900,73486
2485902,178954
2485907,73579
2485910,220693
2485911,220651
2485912,220578
2485917,220625
2485919,220590
2485920,220629
2485923,178964
2485927,220693
2485928,220693
2485929,220557
2485931,220590
2485933,204488
2485934,204488
2485935,204488
2485940,204388
2485940,220557
2485940,220642
2485940,220654
2485940,178871
2485940,204473
2485940,204472
2485940,220655
2485940,220628
2485940,220550
2485940,204449
2485940,74084
2485940,230767
2485940,220579
2485951,220547
2485954,220557
2485957,178829
2485961,178829
2485963,220590
2485967,220622
2485976,74356
2485979,74041
2485980,204536
2485981,204536
2485982,178871
2485983,220530
2485985,219585
2486001,160632
2486002,220530
2486034,220602
2486041,204559
2486052,204534
2486053,220630
2486055,204559
2486056,204559
2486073,74171
2486073,204407
2486073,221338
2486080,213762
2486081,213762
2486081,74084
2486082,220530
2486083,74784
2486083,204535
2486093,220547
2486099,198783
2486106,204572
2486111,220578
2486128,74060
2486129,178970
2486136,178970
2486137,160575
2486138,160575
2486139,160575
2486140,160575
2486142,178947
2486156,220607
2486157,220607
2486161,141470
2486164,178884
2486167,204412
2486168,220530
2486169,220557
2486171,220557
2486172,220557
2486181,73579
2486186,178972
2486189,220645
2486191,220645
2486192,220645
2486193,220607
2486194,74095
2486197,220569
2486198,220569
2486213,220645
2486222,220594
2486223,109429
2486227,204570
2486233,74574
2486237,220659
2486238,220573
2486240,74858
2486241,178843
2486249,220659
2486252,220543
2486253,220659
2486257,220659
2486259,220547
2486261,220659
2486264,162332
2486276,204536
2486278,220666
2486284,220640
2486284,204464
2486287,141398
2486293,204464
2486315,178966
2486316,220659
2486317,220659
2486326,74856
2486330,143632
2486341,204462
2486341,220654
2486341,92346
2486341,220568
2486380,191923
2486383,220567
2486387,220547
2486388,230767
2486389,230767
2486390,230767
2486392,220547
2486395,220558
2486396,160548
2486397,160548
2486398,160548
2486400,204358
2486401,204358
2486402,204358
2486403,204358
2486404,226179
2486409,220547
2486416,74171
2486419,220556
2486420,220556
2486421,178964
2486421,133810
2486421,161440
2486423,109429
2486432,137070
2486433,178876
2486443,218086
2486444,220597
2486448,220540
2486449,220540
2486450,220597
2486451,204504
2486453,220540
2486454,220540
2486460,69871
2486461,178835
2486471,220547
2486473,204559
2486476,220621
2486481,204444
2486482,204444
2486483,204444
2486489,141408
2486495,220576
2486498,220576
2486499,220576
2486500,220673
2486517,220617
2486520,220547
2486525,160629
2486528,220530
2486545,204422
2486546,204422
2486547,204422
2486548,204422
2486551,220540
2486559,220597
2486560,230768
2486584,220591
2486593,220617
2486599,220715
2486600,220715
2486601,220715
2486602,220715
2486603,220715
2486604,220715
2486605,220715
2486615,220715
2486616,220715
2486619,220715
2486624,220715
2486625,220715
2486628,220715
2486637,220715
2486638,220715
2486640,220715
2486641,220715
2486642,220715
2486642,220540
2486643,220715
2486643,220540
2486644,220715
2486644,220540
2486646,220715
2486664,73486
2486665,73486
2486683,74044
2486687,220621
2486690,220588
2486693,160518
2486697,74374
2486699,74374
2486700,223128
2486704,220578
2486708,204409
2486712,220531
2486713,178843
2486733,204488
2486734,204488
2486737,220566
2486738,220566
2486744,204526
2486749,220699
2486754,204362
2486763,204367
2486764,220703
2486765,220712
2486766,220703
2486767,220640
2486768,220703
2486779,220646
2486787,220568
2486788,204497
2486789,204495
2486789,204501
2486789,220553
2486789,220645
2486789,178857
2486789,220640
2486789,162067
2486789,74041
2486789,74784
2486789,74398
2486789,178986
2486789,178987
2486789,220598
2486789,160569
2486789,224333
2486802,204528
2486802,204410
2486802,220609
2486802,74428
2486802,209787
2486802,220580
2486802,220586
2486802,204534
2486804,220686
2486820,178972
2486823,204394
2486826,220565
2486828,220534
2486860,220686
2486860,220667
2486860,204534
2486867,220557
2486884,220669
2486904,230765
2487027,220652
2487037,220604
2487038,220604
2487039,220604
2487040,220604
2487041,220604
2487042,220604
2487043,220604
2487054,220604
2487061,220604
2487063,220604
2487065,220604
2487068,220604
2487072,220604
2487145,220584
2487147,220665
2487159,220665
2487162,220665
2487173,204464
2487174,204464
2487175,204378
2487176,204378
2487177,220602
2487178,220537
2487179,220542
2487180,220590
2487185,220686
2487187,220686
2487191,204412
2487191,204444
2487192,220659
2487198,204431
2487210,220609
2487210,220630
2487211,220609
2487211,220630
2487214,220584
2487217,220656
2487234,220656
2487245,73579
2487246,73579
2487259,98057
2487261,178989
2487270,220559
2487275,178884
2487277,220610
2487282,220610
2487283,220610
2487284,220610
2487285,88256
2487288,220610
2487289,220610
2487291,204572
2487292,220610
2487293,220610
2487299,160629
2487300,160629
2487301,160629
2487308,73778
2487309,220575
2487310,220575
2487311,220575
2487312,220683
2487313,74158
2487313,220667
2487314,141450
2487315,220639
2487330,220578
2487333,73701
2487335,204572
2487336,204572
2487347,204512
2487357,178881
2487382,178933
2487395,204559
2487398,204571
2487399,220605
2487400,204571
2487402,74041
2487404,220638
2487406,204571
2487409,178972
2487413,220581
2487414,220659
2487414,220701
2487420,204571
2487421,220533
2487422,204571
2487424,141408
2487428,141408
2487429,204419
2487430,220708
2487431,220534
2487433,204571
2487438,133439
2487439,204444
2487440,225730
2487485,220604
2487486,220604
2487487,220604
2487489,220604
2487490,220604
2487493,220604
2487497,220604
2487498,220604
2487500,220654
2487548,220539
2487561,220534
2487584,204553
2487620,160548
2487621,160548
2487622,160548
2487623,160548
2487638,230767
2487640,230767
2487641,230767
2487651,178934
2487679,160629
2487714,204536
2487739,220607
2487760,204540
2487775,220686
2487791,204540
2487796,204409
2487826,209787
2487828,220539
2487836,209787
2487842,220649
2487847,92699
2487848,178829
2487853,220619
2487865,220708
2487896,204404
2487902,178986
2487904,178986
2487917,220612
2487944,74161
2487947,220684
2487959,204571
2487960,204457
2487962,204457
2487963,204457
2487965,204457
2488008,220577
2488009,122158
2488010,220577
2488017,204387
2488018,220589
2488032,178871
2488036,204570
2488037,204570
2488087,220557
2488095,160512
2488109,220577
2488139,218086
2488158,220605
2488216,220642
2488216,220701
2488216,204494
2488216,160161
2488219,220653
2488221,220549
2488224,74856
2488229,220669
2488232,74856
2488256,220575
2488270,141421
2488318,220576
2488434,165470
2488444,220695
2488445,220530
2488449,220604
2488454,220604
2488456,220604
2488477,220618
2488479,133439
2488485,220604
2488497,220685
2488522,220547
2488523,204444
2488528,178871
2488532,188097
2488548,204460
2488563,141464
2488566,160604
2488571,204479
2488593,220561
2488596,220557
2488609,220656
2488667,220615
2488682,204572
2488713,178871
2488720,220553
2488757,220639
2488798,204528
2488798,220630
2488808,204528
2488808,220576
2488808,220574
2488808,204460
2488808,204369
2488808,178929
2488808,178871
2488808,156190
2488808,220706
2488808,220552
2488809,204528
2488809,220576
2488809,220574
2488809,204460
2488809,204369
2488809,220673
2488809,178929
2488809,178871
2488809,156190
2488809,220706
2488813,178843
2488830,220660
2488872,204474
2488887,179000
2488957,73486
2488973,220569
2488974,220569
2489209,226837
2489222,226837
2489225,220539
2489226,226837
2489261,220586
2489281,220683
2489283,74060
2489285,220691
2489294,204512
2489305,220604
2489341,150418
2489352,160512
2489353,160512
2489359,221328
2489360,221328
2489361,160629
2489362,221328
2489367,204449
2489384,160556
2489409,220604
2489410,220604
2489411,220604
2489680,160673
2490055,204540
2490058,204563
2490092,73579
2490092,220576
2490194,220584
2490196,73486
2490197,160548
2490199,160548
2490200,160548
2490232,220579
2490244,204407
2490305,220684
2490306,204536
2490307,220641
2490310,220641
2490312,178881
2490315,220617
2490321,178986
2490334,220585
2490346,178986
2490359,220638
2490360,220638
2490374,204473
2490389,178887
2490393,178887
2490397,69871
2490399,204388
2490400,204388
2490401,204388
2490405,220582
2490406,220533
2490431,204525
2490436,204412
2490437,220668
2490446,220650
2490447,74856
2490467,220658
2490470,165470
2490478,218086
2490482,220534
2490514,62881
2490586,204412
2490590,204559
2490595,204412
2490628,220656
2490658,178943
2490659,178884
2490661,204374
2490662,204536
2490676,220670
2490693,220557
2490694,220653
2490701,220604
2490702,220604
2490849,220572
2490865,74856
2490911,220715
2490924,220715
2490924,220540
2490928,220715
2490934,220715
2490937,220715
2490940,220715
2490940,220540
2490942,220715
2490942,220540
2490966,220635
2490981,220530
2491047,220642
2491047,220701
2491047,220686
2491047,204494
2491047,160161
2491049,220647
2491050,178829
2491061,220576
2491061,204388
2491061,204460
2491061,220665
2491061,220590
2491061,204409
2491061,220557
2491061,220659
2491061,220673
2491061,178908
2491061,220583
2491061,220652
2491061,220654
2491061,220619
2491061,178871
2491061,220526
2491061,220568
2491061,204472
2491061,204520
2491061,204536
2491061,204455
2491061,204526
2491061,220655
2491061,220550
2491061,220530
2491061,160561
2491061,204479
2491061,161440
2491061,220693
2491061,230767
2491061,204416
2491061,204387
2491061,220579
2491061,220569
2491061,178947
2491061,220552
2491062,220656
2491063,220623
2491070,220647
2491079,204488
2491080,204488
2491081,204488
2491082,204488
2491083,204488
2491093,220579
2491094,160548
2491099,137070
2491103,141408
2491110,225730
2491112,220529
2491165,204572
2491168,220558
2491171,220623
2491172,204368
2491174,74856
2491175,178843
2491176,204444
2491177,220657
2491181,220657
2491182,220657
2491183,220657
2491191,220553
2491207,220611
2491208,220611
2491209,220611
2491211,204355
2491212,220612
2491217,220610
2491235,74084
2491238,73778
2491244,73486
2491266,73486
2491277,73486
2491305,74253
2491308,220673
2491311,178975
2491321,163321
2491329,109429
2491333,204416
2491339,204416
2491340,220607
2491389,220540
2491477,178934
2491642,220602
2491650,220659
2491660,136811
2491660,204404
2491692,220602
2491697,220659
2491956,220561
2491960,220639
2491961,73486
2492017,220659
2492028,214694
2492034,220529
2492064,220644
2492140,220539
2492143,220539
2492144,220540
2492279,220659
2492285,160512
2492286,160512
2492309,178871
2492310,204479
2492312,204479
2492313,220610
2492314,220610
2492315,220610
2492340,220610
2492341,221328
2492343,221328
2492345,178843
2492368,141470
2492372,220569
2492374,220599
2492375,220599
2492378,204511
2492379,204511
2492392,220623
2492452,178931
2492525,178993
2492549,178993
2493215,220695
2493286,220695
2493291,204368
2493533,220571
2493602,220653
2493747,178989
2493898,160512
2494095,220666
2494112,220650
2494151,204368
2494185,178933
2494198,220531
2494203,220703
2494255,220603
2494331,220695
2494342,204479
2494345,220604
2494350,220604
2494351,220604
2494352,153423
2494353,160666
2494361,178871
2494367,160548
2494368,160548
2494369,160548
2494375,204559
2494377,220579
2494382,220557
2494383,220557
2494386,220557
2494387,204416
2494388,220589
2494389,220589
2494390,220589
2494391,220589
2494396,204444
2494398,220666
2494400,220599
2494401,220599
2494411,141464
2494428,220656
2494435,220606
2494436,220606
2494439,204535
2494456,178829
2494518,220696
2494520,220696
2494522,220696
2494524,220696
2494525,74858
2494527,220696
2494537,160592
2494547,143632
2494549,220696
2494552,204472
2494554,204472
2494557,204572
2494557,220609
2494558,204572
2494558,220609
2494559,204472
2494560,204472
2494561,204472
2494562,220690
2494563,220609
2494572,220666
2494593,74356
2494596,74356
2494601,141456
2494625,74858
2494635,160598
2494638,204441
2494710,220604
2494711,220604
2494724,220604
2494725,220604
2494741,160599
2494743,160599
2494790,220532
2494793,220532
2494796,220532
2494906,204412
2494911,220622
2494912,178871
2494917,220682
2494929,220529
2494936,178992
2494937,204572
2494940,74371
2494944,141411
2494982,213762
2495002,220635
2495024,178843
2495045,206018
2495046,206018
2495047,206018
2495048,206018
2495071,178884
2495165,220547
2495166,230764
2495168,230764
2495170,230764
2495182,220578
2495189,220547
2495190,73486
2495233,220629
2495314,204391
2495316,204391
2495324,204391
2495331,204391
2495336,204391
2495380,160629
2495386,178931
2495409,220604
2495414,220604
2495427,220581
2495440,220604
2495442,220604
2495455,220604
2495457,220604
2495575,178887
2495600,220659
2495609,121948
2495611,220674
2495617,160673
2495619,74856
2495620,220532
2495622,74856
2495624,220599
2495625,220599
2495641,178871
2495646,204479
2495647,218086
2495650,218086
2495652,220654
2495653,178887
2495662,220537
2495664,204388
2495687,220607
2495698,178970
2495723,220640
2495723,204464
2495744,178954
2495851,220599
2495872,220599
2495876,220599
2496036,204368
2496046,220569
2496047,220638
2496049,220638
2496071,220624
2496088,178947
2496096,220532
2496109,220540
2496111,220540
2496145,220532
2496156,205476
2496161,205476
2496165,205476
2496168,72442
2496168,178910
2496168,178843
2496168,204395
2496197,220574
2496264,91228
2496275,91228
2496312,213762
2496354,220604
2496355,74356
2496356,220604
2496357,220604
2496358,220604
2496359,220695
2496396,204536
2496398,160629
2496418,204559
2496467,226837
2496549,160548
2496551,160548
2496554,160548
2496557,160548
2496626,220602
2496632,204488
2496633,204488
2496634,204488
2496659,178954
2496660,220618
2496707,220714
2496708,220714
2496710,160629
2496716,178896
2496736,178896
2496899,204570
2496900,204570
2496901,204570
2496902,204570
2496911,220658
2496912,178871
2496913,220658
2496914,62881
2496951,220599
2496952,220599
2496964,220674
2496967,73531
2496974,220644
2496981,204571
2496999,220638
2497013,204571
2497077,160512
2497078,74270
2497079,220695
2497098,160559
2497107,213762
2497108,220566
2497109,178934
2497112,220574
2497120,220534
2497137,204553
2497225,220604
2497227,220604
2497228,220604
2497230,220604
2497231,220604
2497354,204369
2497357,220621
2497369,204528
2497369,204365
2497369,156190
2497370,220686
2497401,141485
2497402,220623
2497405,178884
2497406,137070
2497412,204368
2497415,220604
2497419,178843
2497444,220569
2497446,74160
2497449,141411
2497560,220648
2497586,122974
2497595,220695
2497597,220604
2497606,220572
2497660,204507
2497712,220618
2497749,220537
2497757,220666
2497758,178972
2497761,179000
2497778,220534
2497779,220583
2497782,178884
2497893,220642
2497894,204570
2497895,220579
2497923,204372
2497934,213762
2497940,74057
2497969,220599
2497972,220599
2497974,220599
2497977,220672
2497998,204488
2497999,204488
2498000,204488
2498005,220610
2498012,204559
2498015,204559
2498017,74856
2498036,160518
2498081,220586
2498082,204372
2498083,220625
2498084,220702
2498087,220702
2498089,220598
2498116,206018
2498116,204407
2498116,220639
2498116,73531
2498116,74784
2498116,204535
2498116,204464
2498116,220598
2498117,109429
2498136,204412
2498137,162332
2498150,220610
2498151,220610
2498152,220610
2498157,220610
2498158,220572
2498159,220610
2498241,220557
2498242,88256
2498245,88256
2498284,220695
2498285,220695
2498293,220668
2498297,220647
2498314,160599
2498315,220534
2498317,160599
2498344,160575
2498354,220604
2498367,220546
2498369,220546
2498371,80815
2498401,220585
2498404,160599
2498417,220604
2498427,80815
2498442,220673
2498444,73778
2498449,204412
2498455,220708
2498460,230765
2498480,218086
2498542,220669
2498543,141470
2498546,220536
2498550,220574
2498552,220574
2498553,220574
2498609,220594
2498612,205476
2498613,220594
2498615,220618
2498670,220618
2498696,204444
2498722,220604
2498723,220604
2498725,160575
2498778,220683
2498779,165470
2498810,165470
2498821,165470
2498848,178887
2498900,153423
2498905,74398
2498918,220574
2498918,220673
2498918,178908
2498918,204473
2498918,74273
2498918,178910
2498918,204455
2498918,220550
2498918,204449
2498918,160601
2498918,205865
2498918,204362
2498918,204387
2498918,220621
2498918,220558
2498928,220604
2498929,220604
2498930,220604
2498969,74158
2498977,220604
2498980,220604
2499052,220655
2499158,220604
2499159,220667
2499160,220659
2499275,220638
2499375,220527
2499427,220599
2499428,220599
2499429,220599
2499430,220599
2499452,73486
2499463,204412
2499505,160601
2499602,160635
2499639,220608
2499741,165470
2499799,141518
2499805,178871
2499849,221328
2499849,220657
2499849,204374
2499849,220574
2499849,204460
2499849,204369
2499849,204462
2499849,204378
2499849,220557
2499849,220654
2499849,220610
2499849,204481
2499849,178871
2499849,220531
2499849,204472
2499849,204526
2499849,220550
2499849,220530
2499849,204449
2499849,74084
2499849,205865
2499849,220546
2499849,230767
2499849,204387
2499849,220621
2499849,220558
2499849,220552
2499850,66828
2499853,141398
2499881,220527
2499887,204412
2499893,220604
2499899,204412
2499900,160629
2499901,204412
2499905,204412
2499913,204412
2499914,204412
2499920,204412
2499923,204412
2499925,204412
2499957,204573
2499958,220635
2499986,165470
2499995,73486
2500082,220613
2500103,226837
2500124,204444
2500125,204444
2500126,204444
2500134,220584
2500154,91228
2500155,204460
2500167,220608
2500167,204557
2500183,204374
2500204,178954
2500205,204534
2500231,204488
2500232,204524
2500242,220557
2500251,220552
2500252,204517
2500253,220586
2500260,160553
2500273,220599
2500279,220557
2500283,220557
2500291,133439
2500293,204525
2500295,220557
2500297,220543
2500298,220565
2500299,160512
2500300,160512
2500301,160512
2500302,160512
2500303,220670
2500306,220569
2500398,220686
2500421,204518
2500437,74356
2500438,220686
2500454,165470
2500455,74041
2500474,204412
2500525,220686
2500558,162332
2500594,162332
2500597,162332
2500619,178993
2500677,204388
2500697,160629
2500764,204528
2500764,204365
2500764,204455
2500764,156190
2500770,204528
2500770,204365
2500770,204455
2500770,156190
2500770,220633
2500771,204528
2500771,204365
2500771,204455
2500771,156190
2500771,220633
2500773,204412
2500774,220695
2500776,141411
2500883,220591
2500901,220591
2500921,204488
2500921,220533
2500948,157130
2500966,178884
2500981,220552
2501023,74262
2501087,160629
2501098,204536
2501137,220690
2501176,220695
2501246,73486
2501247,204572
2501252,143632
2501279,74858
2501279,224333
2501280,220635
2501281,220635
2501284,220635
2501290,220659
2501296,220659
2501298,220659
2501308,220624
2501324,220607
2501347,220565
2501350,213762
2501358,74856
2501378,220598
2501399,80815
2501401,80815
2501403,220550
2501539,220547
2501704,220605
2501704,227433
2501704,73801
2501733,204368
2501773,220571
2501774,220653
2501847,163321
2501848,160512
2501850,220558
2501851,74356
2501852,178829
2501854,213762
2501863,220537
2501872,220574
2501877,191923
2501878,220644
2501887,204441
2501998,204441
2502000,204460
2502007,220574
2502239,91228
2502243,73486
2502333,229432
2502339,220666
2502451,220683
2502452,73531
2502546,220532
2502573,220605
2502705,220604
2502707,220604
2502708,220649
2502711,160512
2502734,226837
2502776,220604
2502828,204444
2502865,220604
2502867,220604
2502876,74060
2502877,221328
2502880,74585
2502882,220604
2502883,220604
2502884,220604
2502885,220604
2502887,175765
2502896,178835
2502896,220578
2502897,220604
2502900,206018
2502900,204464
2502901,220673
2502932,204358
2502949,220533
2502996,220604
2503026,137070
2503053,204528
2503053,204455
2503053,156190
2503062,220630
2503063,220630
2503064,220630
2503065,220630
2503066,220630
2503067,220630
2503068,220630
2503069,220529
2503070,220546
2503079,204427
2503080,220657
2503086,220618
2503091,178871
2503093,178871
2503094,178871
2503110,204536
2503117,220644
2503135,160548
2503136,160548
2503139,160548
2503146,160548
2503149,160548
2503150,160548
2503154,157130
2503156,74856
2503158,74856
2503184,204394
2503207,204570
2503209,204412
2503212,204412
2503215,204412
2503218,204412
2503220,204412
2503224,204412
2503225,204412
2503227,204412
2503234,204412
2503237,204412
2503241,204412
2503242,220559
2503243,204412
2503246,204412
2503249,178970
2503263,178970
2503270,178970
2503273,178970
2503275,178970
2503286,178970
2503290,178970
2503293,204464
2503328,221328
2503331,178970
2503333,72442
2503334,178970
2503336,220590
2503337,220547
2503338,220557
2503343,178881
2503345,220553
2503362,220599
2503364,220599
2503373,143632
2503426,220615
2503434,104552
2503504,123086
2503512,204572
2503547,204540
2503579,204412
2503592,204412
2503613,220672
2503616,204570
2503620,141421
2503641,141421
2503642,204368
2503643,220594
2503702,220550
2503765,220547
2503771,220547
2503774,204412
2503776,204412
2503777,160548
2503782,220607
2503790,220623
2503819,74856
2503858,204412
2503859,204412
2503876,220612
2503880,141450
2503884,73486
2503894,204563
2503898,204355
2503912,220702
2503913,220589
2503915,141485
2503987,73579
2503987,220594
2503989,73486
2503991,204559
2503995,220554
2503997,220554
2504018,73579
2504026,73486
2504170,74856
2504170,74398
2504187,178970
2504270,220604
2504279,204456
2504284,204456
2504288,204456
2504294,204456
2504299,204456
2504304,204456
2504309,204456
2504311,204456
2504340,160601
2504353,204486
2504370,73486
2504517,73701
2504553,220539
2504562,178993
2504564,220668
2504603,220572
2504604,178946
2504605,220580
2504606,62881
2504642,224117
2504667,204567
2504669,73778
2504671,227660
2504674,227660
2504676,74478
2504691,178970
2504697,204572
2504698,227660
2504708,227660
2504715,227660
2504727,227660
2504751,74060
2504778,178970
2504804,220683
2504989,220630
2505077,226708
2505107,220590
2505311,178954
2505354,178954
2505355,178964
2505399,227660
2505405,178908
2505409,178908
2505423,178908
2505429,220577
2505440,178908
2505485,220530
2505493,204553
2505499,213762
2505514,213762
2506197,74356
2506316,220533
2506391,220640
2506420,225730
2506519,188097
2506524,220604
2506525,220604
2506540,204572
2506543,74356
2506548,204396
2506549,178970
2506564,206018
2506569,204404
2506570,66385
2506612,220599
2506613,220599
2506620,220540
2506626,204557
2506627,220540
2506628,220540
2506629,220540
2506631,220540
2506633,220540
2506634,74253
2506636,204520
2506637,66828
2506649,220618
2506654,204535
2506748,208297
2506752,220606
2506775,220584
2506817,204391
2506857,204481
2506869,74356
2506898,204396
2506899,204396
2506901,204396
2506903,74060
2506907,220699
2506911,220599
2506913,66385
2506963,204536
2507068,178934
2507109,204488
2507120,204488
2507122,178873
2507126,178934
2507169,66385
2507171,221338
2507224,204444
2507228,204444
2507251,220618
2507260,220621
2507261,220686
2507263,178871
2507264,178871
2507267,73579
2507270,220591
2507282,204572
2507283,204511
2507306,226179
2507323,73579
2507374,220611
2507425,204572
2507509,220651
2507776,143632
2507839,178871
2507851,178963
2507861,178992
2507891,204387
2507922,220543
2507923,220558
2507993,178829
2507995,220695
2508001,178884
2508002,220571
2508005,221328
2508006,221328
2508010,220607
2508038,73579
2508040,204572
2508194,220644
2508214,178989
2508216,221328
2508216,73579
2508216,220657
2508216,204374
2508216,220574
2508216,220690
2508216,204460
2508216,204462
2508216,204376
2508216,220595
2508216,220666
2508216,220590
2508216,220571
2508216,220673
2508216,178908
2508216,220654
2508216,220619
2508216,160758
2508216,160640
2508216,178871
2508216,204427
2508216,204473
2508216,74383
2508216,160673
2508216,220568
2508216,204444
2508216,74273
2508216,204472
2508216,220559
2508216,204520
2508216,74585
2508216,179000
2508216,133810
2508216,220547
2508216,220655
2508216,220550
2508216,204449
2508216,204479
2508216,160601
2508216,205865
2508216,220693
2508216,165470
2508216,204416
2508216,204387
2508216,178947
2508216,220558
2508216,220552
2508218,204412
2508264,220615
2508275,220569
2508313,220548
2508313,220573
2508313,220623
2508313,204534
2508335,220659
2508335,220569
2508337,73579
2508380,204441
2508408,220615
2508410,74454
2508461,220548
2508461,220573
2508461,220686
2508461,204534
2508479,220573
2508479,220623
2508479,220667
2508479,204534
2508480,220548
2508480,220573
2508480,220667
2508480,204534
2508480,178992
2508495,220659
2508496,220589
2508498,220604
2508499,220604
2508500,220604
2508501,220604
2508502,74084
2508503,74084
2508543,204536
2508550,220584
2508560,204481
2508571,220686
2508572,220686
2508585,204472
2508605,204472
2508694,73579
2508745,204536
2508754,220607
2508815,220584
2508836,74253
2508861,204557
2508867,178843
2508871,220660
2508882,178884
2508893,74158
2508900,220623
2508903,74060
2508903,178987
2508906,74171
2508918,213762
2508920,206018
2508920,74171
2508920,220645
2508920,204407
2508920,74784
2508920,220615
2508920,204535
2508920,204464
2508920,220598
2508922,230767
2508942,220618
2509005,204473
2509006,160556
2509009,204412
2509029,204570
2509039,220644
2509196,220574
2509243,220654
2509296,204572
2509309,66828
2509340,141411
2509387,178975
2509395,220715
2509425,220653
2509454,220553
2509462,204473
2509467,74084
2509485,66385
2509535,178989
2509734,204550
2509761,204481
2509769,220715
2509794,220557
2509853,220547
2509861,220558
2509864,220547
2509904,220547
2509930,220604
2509934,220604
2509970,204460
2509974,204462
2509982,220609
2510099,220630
2510109,204368
2510372,198197
2510560,74374
2510632,204536
2510637,204460
2510695,73579
2510766,160758
2510774,73801
2510942,220599
2510945,220599
2510947,220599
2510973,204416
2511028,220674
2511029,220532
2511142,220574
2511173,220618
2511189,73579
2511193,220581
2511206,74159
2511288,204368
2511488,73778
2511628,204525
2511759,220549
2511774,204572
2511778,227660
2511795,141485
2511851,160161
2511944,178884
2512001,226837
2512039,218086
2512212,220534
2512223,204512
2512250,98148
2512369,220589
2512704,220646
2512704,208297
2512712,220646
2512712,208297
2512764,220646
2512764,208297
2512765,220540
2512768,178970
2512771,178970
2513325,220540
2513329,220690
2513354,220604
2513356,220604
2513357,220604
2513454,178829
2513527,220656
2513531,220594
2513577,220549
2513644,178829
2513886,220714
2513925,178829
2514237,220540
2514322,220595
2514327,220619
2514335,220595
2514363,204540
2514454,220540
2514455,220540
2514458,220540
2514461,220540
2514470,204512
2514611,220690
2514759,227660
2514760,227660
2514763,220621
2514808,220540
2514810,220540
2514813,220540
2514842,121948
2514843,220604
2514844,220604
2514865,220538
2514871,160512
2514873,160512
2514935,220540
2514942,220540
2514949,220540
2515007,160548
2515008,160548
2515010,160548
2515013,160548
2515015,160548
2515018,160548
2515092,220624
2515240,220653
2515242,220653
2515253,220604
2515254,220604
2515262,220604
2515275,74856
2515277,220604
2515278,220604
2515280,98148
2515281,160635
2515291,98148
2515359,141408
2515398,141555
2515399,141555
2515402,141555
2515404,141555
2515405,141555
2515460,204460
2515513,178871
2515534,204488
2515534,220570
2515534,220646
2515534,74856
2515535,220536
2515590,220620
2515591,133439
2515591,206018
2515591,220645
2515591,66828
2515591,220531
2515591,220639
2515591,73531
2515591,139285
2515591,74858
2515591,178987
2515591,220615
2515591,221338
2515591,157130
2515591,220660
2515592,220620
2515596,178871
2515601,178871
2515603,178871
2515604,178871
2515626,198197
2515627,220653
2515631,74084
2515633,220540
2515634,220540
2515635,220540
2515636,220540
2515638,220540
2515639,220540
2515640,220540
2515659,220540
2515660,220540
2515661,220540
2515662,220540
2515664,220690
2515680,204528
2515680,204365
2515680,204455
2515680,156190
2515693,220702
2515735,204481
2515769,160598
2515773,204488
2515783,227660
2515784,227660
2515788,227660
2515789,227660
2515790,227660
2515791,227660
2515792,227660
2515799,220686
2515800,220686
2515816,220642
2515911,220604
2515941,220529
2515944,73579
2515951,220547
2515952,220547
2515957,204459
2515992,178970
2516015,178970
2516021,74856
2516044,178934
2516071,220577
2516117,220673
2516119,220673
2516120,220602
2516125,80815
2516126,80815
2516132,178985
2516150,220532
2516162,74171
2516191,73486
2516195,178881
2516199,220553
2516353,220569
2516365,178985
2516397,74171
2516408,74171
2516440,178970
2516459,220546
2516561,220714
2516565,220559
2516603,220576
2516630,220571
2516641,73692
2516686,178989
2516689,205476
2516724,208297
2516726,220672
2516731,153423
2516738,215043
2516743,220642
2516743,220701
2516743,204494
2516743,160161
2516789,220574
2516792,220574
2516804,178946
2516807,220577
2516808,178954
2516842,141470
2516855,220599
2516869,204456
2516874,98148
2516889,178993
2516913,220577
2516942,178829
2516953,220608
2516962,220712
2516965,220560
2516979,204464
2516980,160601
2516981,204464
2516994,74158
2517060,220539
2517109,133439
2517109,220605
2517109,220548
2517109,74171
2517109,220602
2517109,220573
2517109,220623
2517109,220663
2517109,220664
2517109,178857
2517109,139285
2517109,220662
2517109,178931
2517109,73778
2517109,220648
2517109,74158
2517109,188097
2517109,160517
2517109,220667
2517109,122158
2517109,178887
2517109,204534
2517289,227660
2517350,204372
2517412,178954
2517480,74044
2517510,220540
2517517,204497
2517519,208297
2517530,220586
2517538,178858
2517566,204553
2517601,178829
2517604,204479
2517641,220604
2517645,220604
2517647,160598
2517696,220546
2517812,91228
2517819,141459
2517821,141459
2517837,204517
2517838,204517
2517839,204517
2517840,74084
2517841,74084
2517842,74084
2517901,220576
2517966,221148
2517968,220670
2517986,92776
2518007,204416
2518111,220547
2518115,178857
2518116,204416
2518119,220540
2518120,220540
2518121,220540
2518122,220540
2518123,220540
2518124,220540
2518143,220623
2518152,220574
2518155,220574
2518156,66828
2518160,225730
2518417,220556
2518513,73531
2518540,221328
2518551,221328
2518570,220635
2518571,220635
2518572,220635
2518581,220559
2518582,220559
2518590,204488
2518593,220559
2518698,220539
2518795,220573
2518800,204528
2518800,73579
2518800,160559
2518800,141391
2518800,204388
2518800,204572
2518800,220557
2518800,220610
2518800,178871
2518800,220531
2518800,178910
2518800,204472
2518800,74253
2518800,204536
2518800,74084
2518800,220543
2518800,204387
2518803,220617
2518845,220569
2518851,204396
2518960,220670
2519260,160598
2519265,178871
2519560,141470
2519618,220549
2519661,141408
2519698,74141
2519698,74398
2519699,204464
2519715,220633
2519718,220613
2519725,204404
2519726,204404
2519733,221328
2519850,204449
2519867,204372
2519872,220623
2519892,204528
2519892,204365
2519892,204455
2519892,156190
2519892,220633
2519919,74848
2519921,220620
2519922,220620
2519923,204472
2519924,204472
2519925,204536
2519927,204472
2519962,178970
2519983,163321
2519984,204372
2519991,178970
2520003,178970
2520056,141518
2520064,204412
2520069,141470
2520074,204412
2520075,204412
2520083,226837
2520103,204449
2520109,220683
2520118,220624
2520145,204369
2520150,220579
2520151,220579
2520517,204488
2520520,160629
2520523,160629
2520654,220588
2520662,220615
2520664,74858
2520677,220665
2520680,220630
2520681,220584
2520687,220623
2520697,179000
2520698,178992
2520700,204550
2520702,204372
2520703,220630
2520707,220642
2520710,204369
2520712,204411
2520712,178947
2520715,178871
2520716,220639
2520718,220613
2520719,220557
2520720,220557
2520728,220618
2520873,141458
2520875,220640
2520932,220702
2520942,220615
2520971,204412
2521015,204355
2521019,204572
2521021,220612
2521031,220640
2521042,220695
2521058,204406
2521098,220604
2521099,220604
2521100,220604
2521101,73778
2521141,220673
2521144,220695
2521146,204572
2521149,220695
2521162,160588
2521194,204427
2521230,220572
2521238,220557
2521255,220659
2521257,227660
2521258,227660
2521259,191923
2521260,191923
2523381,220555
2523381,220553
2523381,204407
2523381,220551
2523381,74398
2523383,230765
2523385,74398
2523388,178843
2523390,220646
2523390,220569
2523499,204472
2523503,204472
2523505,204472
2523573,220577
2523657,220659
2523657,220569
2523661,204525
2523666,220569
2523670,160601
2523671,220604
2523676,220595
2523678,160552
2523684,160601
2523685,208297
2523704,204412
2523711,220556
2523712,178954
2523713,178954
2523715,220548
2523716,204376
2523729,178871
2523730,220613
2523732,204474
2523742,204379
2523750,220638
2523759,141485
2523766,141421
2523767,220586
2523777,220534
2523784,220659
2523787,204472
2523788,220595
2523792,220595
2523793,220595
2523794,230957
2523835,160629
2523836,160629
2523837,160629
2524285,178829
2524285,220659
2524286,178876
2524287,223128
2524296,141516
2524313,178884
2524316,220555
2524320,220568
2524323,204368
2524336,220644
2524355,220672
2524891,160673
2524913,230768
2524945,133439
2524951,204395
2524953,73579
2525009,141456
2525010,160512
2525011,160512
2525013,160512
2525014,160512
2525015,160512
2525020,178887
2525025,178887
2525037,178887
2525046,220539
2525049,220633
2525052,220539
2525058,220539
2525059,178954
2525077,220539
2525079,204536
2525096,204570
2525097,230957
2525125,220690
2525183,220590
2525183,220546
2525215,220674
2525272,204407
2525272,178987
2525304,152605
2525319,204396
2525320,204396
2525324,220630
2525328,204441
2525337,220644
2525346,220544
2525388,220612
2525389,220612
2525440,220539
2525441,220607
2525561,178860
2525570,178943
2525571,178943
2525579,74428
2525582,220697
2525597,220648
2525598,220648
2525599,220648
2525616,220550
2525620,178954
2525631,220577
2525654,220604
2525658,220604
2525663,220604
2525665,204501
2525665,220554
2525665,220632
2525665,73433
2525665,220548
2525665,220629
2525665,220688
2525665,220527
2525665,141456
2525665,178970
2525665,178857
2525665,141470
2525665,209189
2525665,220640
2525665,74156
2525665,74858
2525665,74041
2525665,220599
2525665,160535
2525665,74398
2525665,188097
2525665,171786
2525665,204453
2525665,178986
2525665,74159
2525665,160556
2525665,74161
2525665,220606
2525665,204480
2525665,178887
2525665,220682
2525665,74283
2525665,160569
2525665,224333
2525732,178887
2525755,220534
2525762,204368
2525807,178954
2525861,205476
2525913,220708
2525925,220534
2525945,220613
2525947,204449
2526321,204376
2526355,204355
2526374,160598
2526375,160598
2526398,160666
2526399,160535
2526414,141485
2526442,220565
2526452,220565
2526482,220565
2526483,220565
2526485,220692
2526539,204450
2526631,220577
2526661,160512
2526683,220644
2526698,73778
2526707,220576
2526721,220610
2526721,220570
2526722,220610
2526722,220570
2526723,220610
2526723,220570
2526724,220610
2526724,220570
2526726,220610
2526726,220570
2526731,220610
2526731,220570
2526732,220610
2526732,220570
2526742,204464
2526745,220548
2526746,220548
2526747,220548
2526772,220693
2526776,204464
2526777,220697
2526778,220693
2526784,220693
2526785,220539
2526834,74856
2526861,220700
2526870,204462
2526876,220674
2526884,204514
2526889,220547
2526893,220547
2526894,220547
2526897,220547
2526902,220540
2526903,220540
2526904,220540
2526905,220540
2526906,220540
2526907,220540
2526910,178871
2526913,220540
2526915,220540
2526917,220540
2526920,220540
2526921,220540
2526953,220557
2526955,220542
2526956,204462
2526991,107970
2526992,204553
2527110,220533
2527116,204474
2527119,178954
2527137,204412
2527140,220540
2527141,220540
2527142,220540
2527143,220540
2527144,220540
2527145,220540
2527146,220540
2527169,220635
2527189,220624
2527192,204412
2527193,220589
2527234,230768
2527299,178934
2527320,220533
2527321,220653
2527322,204462
2527328,220693
2527331,220676
2527345,204511
2527346,204511
2527347,178970
2527348,178970
2527379,204459
2527381,220533
2527395,160575
2527565,160575
2527654,220642
2527660,220594
2527680,220659
2527685,220546
2527706,220595
2527707,220540
2527725,220650
2527772,141421
2527882,178964
2527884,204514
2527900,178829
2527902,165470
2527940,220651
2527952,220615
2527975,220609
2527977,73579
2528001,204406
2528002,204488
2528042,220547
2528043,220624
2528046,141518
2528049,204514
2528053,220618
2528054,220565
2528058,220565
2528141,141485
2528301,220584
2528306,178970
2528307,220638
2528309,220648
2528319,220611
2528327,220584
2528376,204514
2528382,204374
2528383,220533
2528388,141464
2528392,204462
2528413,204570
2528424,178871
2528425,220589
2528433,73692
2528434,220641
2528442,204372
2528444,220573
2528444,220667
2528444,204534
2528472,220648
2528475,204514
2528477,220672
2528507,220557
2528509,220649
2528537,220583
2528550,220557
2528559,220532
2528578,178972
2528606,220557
2528619,220659
2528659,220540
2528660,220540
2528688,204368
2528696,208297
2528697,208297
2528698,208297
2528716,220547
2528730,204525
2528886,220665
2529056,160556
2529056,220682
2529057,220618
2529070,220553
2529072,220540
2529077,210989
2529082,204494
2529095,220577
2529111,178972
2529111,220657
2529111,204388
2529111,204572
2529111,204460
2529111,204369
2529111,204462
2529111,220571
2529111,204367
2529111,220557
2529111,220642
2529111,220673
2529111,204512
2529111,220654
2529111,220619
2529111,204518
2529111,178871
2529111,220545
2529111,220534
2529111,204365
2529111,204520
2529111,204536
2529111,204455
2529111,204526
2529111,156190
2529111,220628
2529111,204449
2529111,160642
2529111,204390
2529111,74084
2529111,220633
2529111,220693
2529111,220546
2529111,230767
2529111,165470
2529111,204416
2529111,204387
2529111,220569
2529111,220651
2529111,220558
2529128,204410
2529129,204410
2529154,220595
2529162,74848
2529163,220568
2529166,220573
2529171,204482
2529179,204482
2529204,220543
2529217,160559
2529224,175765
2529234,220547
2529235,220547
2529248,220547
2529263,220686
2529265,220686
2529385,220582
2529385,204407
2529385,220551
2529385,220606
2529389,204407
2529389,220551
2529389,220606
2529390,220582
2529390,204407
2529390,220551
2529390,220606
2529394,220582
2529394,204407
2529394,220551
2529394,220606
2529395,220582
2529395,204407
2529395,220551
2529395,220606
2529399,141421
2529418,178929
2529461,178835
2529478,204514
2529505,204462
2529531,220548
2529544,227660
2529548,227660
2529549,220618
2529550,227660
2529556,220548
2529561,220683
2529590,204355
2529593,204355
2529714,220685
2529731,220550
2529758,220626
2529798,204488
2529801,74856
2529805,137070
2529830,220574
2529831,220558
2529832,220686
2529914,74400
2529915,204453
2529965,220609
2529967,178954
2529980,178871
2529982,204550
2529983,160556
2529987,220533
2529991,220623
2529994,74044
2529995,220557
2530244,220623
2530250,220686
2530252,220686
2530257,220686
2530441,178829
2530447,161440
2530456,220612
2530482,73486
2530535,204520
2530552,141485
2530557,204410
2530622,88256
2531181,204570
2531188,204473
2531261,220623
2531269,204356
2531284,204356
2531328,220531
2531335,220531
2531337,204495
2531337,204501
2531337,220554
2531337,221148
2531337,220556
2531337,220632
2531337,73433
2531337,73701
2531337,160538
2531337,220548
2531337,204426
2531337,141398
2531337,220704
2531337,220629
2531337,220565
2531337,220553
2531337,220671
2531337,220602
2531337,220688
2531337,160575
2531337,204445
2531337,191923
2531337,220700
2531337,178873
2531337,220696
2531337,220527
2531337,141456
2531337,178970
2531337,178857
2531337,141464
2531337,141470
2531337,209189
2531337,74141
2531337,220640
2531337,162067
2531337,231911
2531337,74156
2531337,74858
2531337,74041
2531337,178866
2531337,160535
2531337,74398
2531337,188097
2531337,171786
2531337,204453
2531337,178986
2531337,74159
2531337,160556
2531337,74160
2531337,171617
2531337,204492
2531337,74400
2531337,160604
2531337,74161
2531337,220606
2531337,204480
2531337,74371
2531337,178887
2531337,73604
2531337,220682
2531337,160610
2531337,74376
2531337,74283
2531337,160569
2531337,224333
2531337,204559
2531337,160592
2531371,220629
2531400,220574
2531409,220653
2531431,220684
2531436,220653
2531437,220653
2531447,160632
2531453,220540
2531455,220534
2531474,220539
2531476,73768
2531500,220537
2531501,220537
2531512,220540
2531514,220540
2531515,220540
2531525,218086
2531530,204571
2531537,220573
2531539,220540
2531583,220573
2531598,220574
2531614,141485
2531615,220559
2531621,220652
2531637,220540
2531649,220557
2531670,220684
2531681,220635
2531682,220635
2531689,178873
2531693,141408
2531695,204427
2531710,204535
2531718,178871
2531911,204536
2531914,122974
2531924,220568
2531925,204356
2531930,204356
2531932,220568
2531938,178910
2531940,178910
2531945,220606
2531970,204557
2531971,204514
2531981,204457
2531982,204457
2531983,204457
2531984,204457
2531985,204457
2531991,204482
2532008,204553
2532029,220640
2532036,220656
2532048,160598
2532055,160559
2532056,204557
2532058,204536
2532073,220555
2532083,220656
2532120,220658
2532126,178989
2532323,178881
2532422,204572
2532444,98148
2532478,178964
2532509,204494
2532543,178866
2532595,220623
2532612,163321
2532644,220610
2532645,204535
2532694,220615
2532810,220659
2532963,220542
2533035,220577
2533056,204364
2533062,160758
2533131,204376
2533162,175765
2533175,160673
2533214,204567
2533217,178873
2533306,204488
2533311,204514
2533387,178873
2533397,204482
2533405,178970
2533413,74060
2533415,74856
2533491,220547
2533685,204485
2533705,74398
2533708,220647
2533809,141464
2533839,204512
2533859,220673
2533861,220673
2533964,220539
2533966,220539
2533971,141408
2533972,220547
2533976,73486
2534035,178876
2534103,220683
2534108,178876
2534137,220683
2534149,220534
2534151,220666
2534202,141421
2534228,220690
2534271,220548
2534271,220573
2534271,204534
2534298,220565
2534329,160512
2534336,178887
2534337,178887
2534350,220554
2534350,74041
2534350,74398
2534401,220625
2534402,220625
2534410,220625
2534532,166402
2534565,141408
2534589,98148
2534613,220542
2534618,73486
2534749,204536
2534782,220687
2534850,141421
2534897,204553
2534899,74856
2534901,220685
2534910,220572
2534917,74784
2534968,204449
2535045,178829
2535422,141450
2535440,178866
2535457,220547
2535460,220572
2535471,178871
2535487,220543
2535496,165470
2535500,204528
2535500,204365
2535500,204455
2535500,156190
2535500,220633
2535597,204450
2535607,220586
2535610,73701
2535613,220688
2535617,220715
2535620,220715
2535622,220715
2535623,220715
2535624,220715
2535628,220695
2535652,220695
2535732,178843
2535739,178843
2535749,178843
2535812,204407
2535812,152605
2535812,204535
2535874,178829
2536100,220681
2536101,220715
2536102,220715
2536104,220715
2536105,220715
2536107,220715
2536110,220715
2536111,220715
2536112,220715
2536113,220715
2536114,220715
2536177,204536
2536213,204495
2536213,204501
2536213,220554
2536213,221148
2536213,220556
2536213,220632
2536213,73433
2536213,73701
2536213,160538
2536213,220548
2536213,204426
2536213,141398
2536213,220704
2536213,220629
2536213,220565
2536213,220553
2536213,220671
2536213,220602
2536213,220688
2536213,160575
2536213,204445
2536213,191923
2536213,220700
2536213,178873
2536213,220696
2536213,220527
2536213,141456
2536213,178970
2536213,178857
2536213,141464
2536213,141470
2536213,209189
2536213,74141
2536213,220640
2536213,162067
2536213,231911
2536213,74156
2536213,74858
2536213,74041
2536213,178866
2536213,160535
2536213,74398
2536213,188097
2536213,171786
2536213,204453
2536213,178986
2536213,74159
2536213,160556
2536213,74160
2536213,171617
2536213,204492
2536213,74400
2536213,160604
2536213,74161
2536213,220606
2536213,204480
2536213,74371
2536213,178887
2536213,73604
2536213,220682
2536213,160610
2536213,74376
2536213,74283
2536213,160569
2536213,224333
2536213,204559
2536213,160592
2536214,204488
2536233,220618
2536277,220653
2536287,150418
2536291,204514
2536293,73701
2536567,80815
2536612,188097
2536613,188097
2536616,188097
2536635,188097
2536669,220686
2536693,220715
2536695,220715
2536701,220715
2536705,220715
2536708,220635
2536732,220695
2536735,162332
2536749,220715
2536750,220715
2536751,220715
2536752,220715
2536757,220715
2536759,220715
2536761,220715
2536776,220715
2536781,220715
2536782,220715
2536783,220715
2536787,220715
2536790,139285
2536800,220715
2536801,220715
2536802,220715
2536803,220715
2536804,220715
2536816,220552
2536827,220715
2536829,220715
2536830,220715
2536832,220715
2536833,220715
2536834,220715
2536835,220715
2536836,220715
2536837,220715
2536838,220715
2536852,66385
2537144,141464
2537217,220648
2537243,220715
2537247,220715
2537252,220715
2537255,220715
2537256,220715
2537261,220708
2537280,220666
2537281,204388
2537283,204550
2537296,204416
2537297,220645
2537311,220715
2537331,178934
2537339,220695
2537342,220695
2537416,204472
2537417,204472
2537418,220715
2537419,220715
2537420,204472
2537424,204472
2537425,98057
2537467,204572
2537486,220539
2537490,220539
2537494,220610
2537497,220610
2537499,220610
2537500,220610
2537501,220558
2537502,220610
2537504,220610
2537512,220610
2537522,220715
2537524,220715
2537525,220715
2537527,220715
2537529,220715
2537530,220715
2537543,220715
2537545,220715
2537546,220715
2537548,220715
2537551,220699
2537555,66828
2537559,220610
2537561,73486
2537600,204488
2537609,220715
2537612,220715
2537613,220715
2537615,220715
2537616,220715
2537617,220715
2537637,220715
2537638,74856
2537641,220715
2537644,220715
2537645,220715
2537646,220715
2537647,220715
2537683,220715
2537684,220715
2537685,220715
2537686,220715
2537693,220715
2537815,220658
2537828,141464
2537861,204536
2537921,220715
2537922,220715
2537923,220715
2537957,220715
2537960,220715
2537967,220715
2538002,220715
2538003,220715
2538004,220715
2538023,220715
2538133,206018
2538133,74171
2538140,178992
2538141,178992
2538163,220615
2538206,204406
2538212,74084
2538218,98148
2538254,220672
2538271,220540
2538272,220540
2538273,220540
2538274,220540
2538275,220540
2538276,220540
2538277,220540
2538278,220540
2538279,220540
2538280,220540
2538281,220540
2538282,220540
2538283,220540
2538284,220540
2538285,220540
2538286,220540
2538287,220540
2538288,220540
2538289,220540
2538290,220540
2538291,220540
2538292,220540
2538293,220540
2538294,220540
2538295,220540
2538296,220540
2538297,220540
2538298,220540
2538299,220540
2538300,220540
2538301,220540
2538302,220540
2538304,220540
2538305,220540
2538306,220540
2538307,220540
2538309,220540
2538310,220540
2538311,220540
2538312,220540
2538313,220540
2538314,220540
2538316,220540
2538317,220540
2538318,220540
2538319,220540
2538320,220540
2538321,220540
2538323,220540
2538324,220540
2538325,220540
2538326,220540
2538328,220540
2538331,220540
2538332,178972
2538343,204427
2538358,98148
2538367,204427
2538430,220657
2538430,220574
2538430,220690
2538430,178829
2538430,204460
2538430,204378
2538430,220595
2538430,204367
2538430,220557
2538430,220659
2538430,220673
2538430,220654
2538430,160758
2538430,178871
2538430,204473
2538430,220568
2538430,74273
2538430,178910
2538430,204472
2538430,204526
2538430,204479
2538430,180214
2538430,160601
2538430,204362
2538430,220693
2538430,230767
2538430,204525
2538430,220644
2538430,204416
2538430,204387
2538430,220621
2538430,220579
2538430,220558
2538430,220552
2538467,74356
2538468,204372
2538616,204536
2538657,178970
2538714,107970
2538782,204374
2538784,74856
2538801,98148
2538889,74856
2538938,220553
2538939,204449
2538951,73778
2538977,178970
2538978,178972
2538981,220665
2539000,206018
2539001,178972
2539016,220552
2539033,220653
2539034,220653
2539035,204404
2539035,156190
2539036,73778
2539043,220577
2539044,220557
2539045,209787
2539046,209787
2539047,209787
2539048,209787
2539051,220557
2539062,220552
2539064,220641
2539065,220642
2539065,220552
2539121,178963
2539156,204450
2539174,178970
2539181,220585
2539182,220622
2539183,160629
2539184,220572
2539185,74856
2539187,220589
2539191,220641
2539192,204560
2539196,220631
2539198,220573
2539198,204534
2539206,204534
2539229,221338
2539230,221338
2539231,204436
2539237,74858
2539238,81055
2539243,220690
2539244,220690
2539257,220656
2539268,221328
2539268,204374
2539268,204388
2539268,220574
2539268,204572
2539268,213762
2539268,204460
2539268,220590
2539268,220608
2539268,220659
2539268,220673
2539268,220583
2539268,220570
2539268,160640
2539268,178871
2539268,204473
2539268,220568
2539268,204520
2539268,204526
2539268,220550
2539268,204479
2539268,220546
2539268,204387
2539268,220621
2539268,220558
2539269,220532
2539270,220652
2539274,220602
2539275,220602
2539286,204388
2539299,220588
2539348,204388
2539350,178970
2539351,178829
2539353,220545
2539365,143632
2539366,220569
2539383,220552
2539386,160559
2539392,204570
2539393,160559
2539399,204570
2539401,74160
2539402,98148
2539406,204572
2539408,98148
2539438,160629
2539439,160629
2539440,160629
2539444,160629
2539445,160629
2539462,204412
2539479,74079
2539484,74079
2539755,229432
2539757,220530
2539772,178829
2539777,178983
2539780,220656
2539794,220584
2539815,178876
2539817,204491
2539820,220570
2539834,204491
2539835,220623
2539841,220553
2539867,220674
2539867,220660
2539876,220540
2539894,220574
2539948,220540
2539975,220540
2539981,220540
2539995,160161
2540359,160548
2540370,160548
2540375,160548
2540473,160548
2540476,160548
2540478,160548
2540481,160548
2540484,160548
2540485,160548
2540487,160548
2540490,160548
2540492,160548
2540494,160548
2540495,160548
2540496,160548
2540500,160548
2540501,160548
2540525,220552
2540527,136811
2540530,204570
2540793,220540
2540796,220540
2540804,220540
2540809,220540
2540815,88256
2540819,88256
2540857,220539
2540905,220557
2540942,220604
2540950,204485
2540980,221329
2540981,221329
2540982,221329
2540983,221329
2540989,220558
2540993,220604
2541006,204573
2541007,204573
2541009,220659
2541022,220565
2541030,220630
2541070,204422
2541071,204422
2541073,204422
2541074,220558
2541075,137070
2541079,220674
2541084,220533
2541085,220533
2541086,220533
2541087,69871
2541099,160548
2541100,160548
2541101,160548
2541102,160548
2541103,160548
2541104,220565
2541106,72442
2541107,73579
2541107,220673
2541107,220654
2541107,204368
2541107,220568
2541107,204479
2541107,180214
2541107,165470
2541107,220644
2541107,220569
2541114,141516
2541117,220571
2541170,178927
2541171,150418
2541172,220589
2541173,221328
2541173,73579
2541173,204388
2541173,220690
2541173,213762
2541173,204460
2541173,204369
2541173,204378
2541173,220608
2541173,204367
2541173,220557
2541173,220673
2541173,220583
2541173,220654
2541173,73768
2541173,160640
2541173,178871
2541173,204473
2541173,220526
2541173,160673
2541173,204472
2541173,204455
2541173,133810
2541173,220547
2541173,220655
2541173,220550
2541173,204479
2541173,160601
2541173,204390
2541173,220546
2541173,230767
2541173,165470
2541173,204525
2541173,220620
2541173,204416
2541173,204387
2541173,220621
2541173,220558
2541173,220552
2541213,206018
2541214,206018
2541260,220606
2541278,220589
2541285,220540
2541286,220674
2541297,74856
2541300,73486
2541307,220606
2541309,204356
2541313,204356
2541316,204356
2541318,88256
2541329,220695
2541332,74856
2541344,153423
2541345,153423
2541357,73486
2541366,73486
2541430,230768
2541431,204460
2541431,204369
2541431,204526
2541439,220648
2541445,220547
2541447,220547
2541448,220547
2541449,220547
2541450,220547
2541452,220547
2541453,220547
2541638,220611
2541641,220618
2541743,204407
2541924,74856
2541983,160598
2541986,220659
2542001,220569
2542002,220686
2542003,80815
2542004,80815
2542005,204412
2542006,204412
2542007,204412
2542009,141464
2542044,178933
2542048,220552
2542066,220564
2542068,220613
2542085,220574
2542091,220635
2542091,220690
2542093,178843
2542097,175765
2542110,220695
2542117,204536
2542120,141408
2542124,220689
2542126,160673
2542145,204488
2542145,220533
2542161,74160
2542163,220676
2542164,220676
2542166,220676
2542168,220676
2542169,220651
2542171,220676
2542174,220704
2542174,204464
2542199,204404
2542203,204404
2542207,160632
2542221,221338
2542232,74084
2542244,74084
2542248,204387
2542248,220618
2542253,179000
2542258,98615
2542286,204495
2542290,220595
2542292,179000
2542296,160575
2542312,72442
2542353,204378
2542353,220608
2542353,220610
2542353,178954
2542353,220609
2542353,233594
2542353,204360
2542353,220597
2542367,141450
2542376,220545
2542378,220545
2542388,204534
2542389,204557
2542390,204557
2542391,209787
2542392,160635
2542395,221338
2542397,220635
2542397,220706
2542402,160604
2542404,204459
2542405,220547
2542406,98148
2542407,220690
2542412,204407
2542412,204535
2542415,74158
2542423,178989
2542438,204550
2542440,204550
2542444,220687
2542456,233594
2542471,220665
2542485,178931
2542628,220609
2542646,220594
2542817,178954
2542818,178954
2542827,204557
2542854,220604
2542857,220604
2542858,220604
2542859,220604
2542862,204460
2542863,162067
2542865,204457
2542870,122158
2542958,220659
2542961,204474
2542978,220616
2542985,220624
2542986,220573
2542988,220573
2543015,153423
2543045,220547
2543049,141456
2543050,204356
2543058,162067
2543081,188097
2543085,73486
2543090,88256
2543097,220664
2543099,220539
2543102,220539
2543104,220539
2543110,160548
2543112,160548
2543113,160548
2543114,160548
2543115,160548
2543116,160548
2543118,160548
2543119,160548
2543120,160548
2543121,160548
2543138,179000
2543139,220539
2543140,218086
2543142,204379
2543148,220712
2543149,204536
2543153,160632
2543172,179000
2543173,220553
2543178,220694
2543181,220623
2543191,74856
2543193,220539
2543198,74856
2544102,220672
2544222,178993
2544396,220534
2544402,220708
2544405,220708
2544815,204464
2544871,220604
2544910,222429
2544980,220533
2545045,88256
2545046,88256
2545048,220561
2545081,73486
2545120,220529
2545226,81055
2545245,220662
2545295,220565
2545326,220539
2545350,204410
2545421,160673
2545732,204573
2545768,220568
2545774,220592
2545792,220656
2545793,220548
2545793,220573
2545793,220623
2545793,204534
2545799,204376
2545834,204528
2545834,204365
2545834,204455
2545834,156190
2545835,204528
2545835,204365
2545835,204455
2545835,156190
2545836,204528
2545836,204455
2545836,156190
2545837,160512
2545838,160512
2545839,160512
2545869,220549
2545886,198197
2545889,220604
2545907,220615
2545920,160161
2545926,160161
2545927,220622
2545933,204374
2545961,220621
2545963,204491
2545963,204372
2545963,204422
2545964,204491
2545964,204372
2545964,204422
2546027,220542
2546038,220573
2546038,204534
2546048,220625
2546055,74398
2547066,220641
2547071,220690
2547124,220546
2547125,220546
2547131,220584
2547150,220618
2547151,220690
2547151,213762
2547151,220608
2547151,220654
2547151,178871
2547151,204472
2547151,220530
2547151,74084
2547151,223128
2547151,220558
2547153,220621
2547158,72442
2547159,220547
2547190,220604
2547201,220604
2547203,74171
2547225,220604
2547236,157130
2547244,157130
2547249,157130
2547251,80815
2547322,204559
2547347,107970
2547365,188097
2547365,220685
2547365,74084
2547416,220635
2548400,220645
2548412,204355
2548417,204355
2548421,204355
2548422,204355
2548428,220607
2548433,220558
2548441,220707
2548458,160629
2548459,160629
2548492,123756
2548852,204536
2548882,107970
2548922,178989
2548923,178989
2548924,178989
2549009,220569
2549023,204372
2549046,220621
2549047,220630
2549048,74084
2549049,204472
2549050,204472
2549051,204472
2549052,204472
2549060,204472
2549061,204472
2549064,178992
2549108,220608
2549128,141485
2549131,141485
2549345,123756
2549388,123756
2549400,178970
2549450,204368
2549486,73486
2549487,220712
2549488,73701
2549492,73701
2549493,220615
2549501,160673
2549506,220619
2549516,198783
2549517,218086
2549535,141518
2549618,178989
2549619,230765
2549622,160548
2549623,160548
2549624,160548
2549627,160548
2549628,160548
2549629,160548
2549630,160548
2549631,160548
2549640,160548
2549641,160548
2549644,220703
2549658,206018
2549677,221329
2549696,204353
2549707,220540
2549726,220542
2549728,153423
2549815,220638
2549829,220638
2549831,220638
2550182,220560
2550199,220630
2550200,160673
2550202,178964
2550214,204495
2550410,220540
2550414,220540
2550422,220540
2550600,220615
2550640,220635
2550693,220540
2550694,220540
2550695,220540
2550696,220540
2550709,220540
2550723,220660
2550741,163321
2550745,204573
2550746,220564
2550752,178987
2550754,220668
2550756,178829
2550762,204358
2550766,74253
2550769,92699
2550807,178987
2550867,220540
2550938,74856
2550939,141533
2550940,226179
2550941,218086
2550942,74856
2551020,220530
2551024,178829
2551033,160161
2551040,220683
2551070,220606
2551088,220585
2551091,74041
2551093,141459
2551151,204570
2551152,204570
2551161,220635
2551193,220553
2551193,204407
2551193,220551
2551193,74398
2551204,220701
2551205,204480
2551207,178989
2551221,160640
2551240,204444
2551242,204444
2551253,220534
2551262,220534
2551275,220604
2551307,220590
2551319,141456
2551331,220547
2551332,220547
2551333,220547
2551334,220547
2551335,220547
2551337,204536
2551371,204495
2551371,204501
2551371,220554
2551371,220556
2551371,220629
2551371,220553
2551371,220671
2551371,204445
2551371,178873
2551371,220527
2551371,178970
2551371,178857
2551371,141464
2551371,178866
2551371,188097
2551371,178986
2551371,160556
2551371,74160
2551371,204480
2551371,220682
2551371,224333
2551642,143632
2551651,143632
2551682,88256
2551711,160561
2551713,204444
2551714,204444
2551795,220648
2551821,150418
2551822,150418
2551928,204459
2551946,141470
2551949,141470
2551950,220623
2551971,220546
2551996,204536
2552014,141533
2552026,160629
2552045,213762
2552070,220594
2552071,233594
2552086,178881
2552115,160559
2552117,220649
2552226,220652
2552299,204374
2552428,220621
2552445,204570
2552479,220547
2552503,204449
2552509,178886
2552522,178970
2552542,204488
2552545,191923
2552568,204572
2552608,220668
2552614,220564
2552615,204459
2552625,74856
2552627,220622
2552637,220599
2552645,220690
2552654,175765
2552659,220690
2552666,175765
2552667,175765
2552670,141464
2552671,163321
2552676,74084
2552680,160556
2552681,160556
2553556,214694
2553568,178884
2553570,220653
2553573,220685
2553602,160559
2553687,157130
2553702,220578
2553737,230765
2553753,230765
2553773,178843
2553785,165470
2553799,230765
2553819,220569
2553894,220690
2553901,74374
2553910,171617
2553944,220670
2554007,204462
2554064,160512
2554066,160512
2554068,160512
2554164,122158
2554189,122158
2554195,122158
2554220,220623
2554345,204494
2554347,204494
2554427,220551
2554465,74856
2554475,74856
2554492,220695
2554493,220547
2554494,220547
2554495,220547
2554496,220547
2554497,220547
2554498,220547
2554499,73486
2554502,73486
2554555,74856
2554561,220536
2554562,220573
2554591,104552
2554592,204550
2554601,204488
2554615,220684
2554623,220684
2554630,220635
2554640,220536
2554642,204534
2554647,220663
2554649,220663
2554669,88256
2554672,160665
2554678,204524
2554694,221338
2554740,204572
2554751,220630
2554767,220553
2554823,204486
2554833,220642
2554833,220552
2554834,220642
2554835,220642
2554852,74856
2555093,74161
2555094,220530
2555095,220559
2555106,220530
2555107,220660
2555108,220660
2555110,220660
2555141,204355
2555193,178884
2555204,178975
2555218,220584
2555219,204526
2555233,220606
2555254,141464
2555255,141450
2555262,220608
2555271,204485
2555272,220683
2555310,220646
2555350,220690
2555351,220667
2555390,141533
2555392,220623
2555393,204488
2555397,220621
2555423,141421
2555617,233594
2555654,160629
2555662,160629
2555663,160629
2555665,160629
2555685,230765
2555811,141411
2555826,204412
2555830,220609
2555837,220604
2555842,204412
2555872,220604
2555874,220553
2555890,220604
2555892,220604
2555897,204517
2555908,123756
2555909,220701
2555950,160548
2555951,160548
2555952,160548
2555953,160548
2555954,160548
2555955,160548
2555956,160548
2555960,160548
2555961,160548
2555962,160548
2555975,160535
2555986,209787
2555987,206018
2555991,220618
2555994,220656
2555995,204566
2556071,220548
2556073,143632
2556116,230765
2556326,163321
2556328,220547
2556648,74161
2556748,220642
2556748,220701
2556750,220548
2556753,220548
2556854,204450
2556855,220689
2556865,160512
2556878,204517
2556893,178908
2556912,178908
2556937,178908
2556940,178908
2556941,178908
2556942,178908
2556945,178908
2556955,178908
2556962,204479
2556998,160512
2557000,160575
2557001,160575
2557002,160575
2557004,160575
2557005,160575
2557019,233598
2557029,160512
2557040,74084
2557058,220539
2557059,220539
2557063,220539
2557064,220690
2557067,220690
2557069,205865
2557085,204481
2557134,220540
2557150,220623
2557207,220690
2557254,220583
2557342,220533
2557343,220533
2557351,220534
2557352,220648
2557357,220607
2557362,73441
2557373,73441
2557387,73441
2557389,220604
2557403,92699
2557405,220609
2557406,220653
2557407,220553
2557425,104552
2557425,157130
2557433,133810
2557477,220642
2557525,204524
2557550,204488
2557551,220623
2557555,220540
2557559,178933
2557607,80815
2557615,74079
2557617,136811
2557624,220618
2557692,220553
2557698,73486
2557705,220529
2557709,141450
2557714,220690
2557723,73579
2557724,73579
2557739,220623
2557760,220574
2557872,161440
2558525,220548
2558525,220573
2558525,220686
2558525,220623
2558525,160604
2558525,204534
2558565,220618
2558593,204536
2558644,204491
2558657,73486
2558685,72442
2558704,220583
2558722,220594
2558775,73579
2559041,220547
2559170,141450
2559312,220625
2559733,160548
2559734,160548
2559742,160548
2559746,160548
2559750,160548
2559752,160548
2559755,160548
2559757,160548
2559759,160548
2559760,160548
2559790,74158
2559804,220604
2559805,178993
2559813,204457
2559814,204457
2559816,204457
2559818,153423
2559965,220548
2559965,220573
2559965,220686
2559965,220667
2559965,204534
2560020,220588
2560032,220604
2560095,220534
2560150,220647
2560195,213762
2560211,74041
2560232,220540
2560232,220563
2560232,220641
2560337,220674
2560351,73579
2560355,220654
2560493,204355
2560495,220584
2560557,220620
2560558,220620
2560645,220635
2560646,220635
2560648,73579
2560661,206018
2560685,150418
2560686,150418
2560687,150418
2560688,220623
2560715,220529
2560729,160552
2560757,220548
2560757,220573
2560757,220686
2560757,220623
2560757,220667
2560757,204534
2560777,74585
2560778,74585
2560782,220540
2560783,220609
2560884,204536
2560885,204536
2560886,66828
2560888,220697
2560889,220673
2560890,88256
2560891,88256
2560893,88256
2560894,160512
2560895,160512
2560897,160512
2560910,220569
2560917,204536
2560931,220553
2560939,204369
2560965,220569
2560972,204416
2560978,204494
2560983,160559
2560983,220570
2560983,204395
2560983,161440
2561007,220590
2561017,220669
2561030,220602
2561050,220530
2561171,204353
2561190,233598
2561198,220589
2561200,204485
2561205,233598
2561262,73486
2561294,230765
2561299,230765
2561314,220582
2561330,220554
2561331,220554
2561335,204536
2561336,220533
2561353,160548
2561355,160548
2561356,160548
2561357,160548
2561358,160548
2561359,160548
2561360,160548
2561361,160548
2561362,143632
2561363,204495
2561364,204495
2561365,221338
2561366,220584
2561370,141456
2561374,160541
2561378,178887
2561385,220540
2561408,73579
2561445,220687
2561448,204495
2561602,69871
2561769,98615
2561771,220552
2561773,73579
2561808,73579
2561808,178881
2561808,220690
2561808,220571
2561808,220673
2561808,162332
2561808,220655
2561808,220530
2561808,204479
2561808,204395
2561808,74084
2561808,205865
2561808,220684
2561808,74376
2561808,220558
2561808,220552
2561822,220604
2561832,141421
2561870,220549
2561929,74585
2562057,74856
2562067,204536
2562074,220561
2562079,204536
2562082,204536
2562099,220700
2562118,74084
2562121,74084
2562123,178989
2562132,178989
2562135,160610
2562138,141555
2562153,220700
2562163,143942
2562189,204536
2562192,80815
2562202,220647
2562203,220647
2562205,204497
2562225,220700
2562226,220684
2562249,141408
2562272,220700
2562278,220625
2562297,178943
2562299,178943
2562309,220545
2562310,220610
2562313,153423
2562314,153423
2562315,220610
2562320,220610
2562324,220610
2562325,220610
2562361,220690
2562400,74041
2562466,98057
2562497,220546
2562570,220609
2562579,160561
2562597,178963
2562598,175765
2562600,74041
2562601,204407
2562602,204407
2562604,204407
2562611,220630
2562621,220530
2562627,221338
2562641,220642
2562764,220647
2562765,220648
2562766,204520
2562826,141408
2562838,141408
2562896,74041
2562935,160673
2563199,141516
2563203,226179
2563225,220569
2563226,220569
2563248,204491
2563250,204491
2563251,204374
2563275,160535
2563287,165470
2563307,204416
2563327,204416
2563330,220529
2563363,220569
2563430,220604
2563432,204495
2563433,204570
2563439,204570
2563441,204570
2563459,220699
2563463,123756
2563471,220583
2563482,160548
2563483,160548
2563484,160548
2563485,160548
2563486,160548
2563487,160548
2563488,160548
2563553,220659
2563554,220659
2563562,220659
2563570,160569
2563572,220559
2563700,204353
2563702,204353
2563714,220690
2563717,179000
2563877,205476
2563880,220547
2563978,220547
2563999,220547
2564123,220588
2564171,220649
2564177,230765
2564188,178954
2564194,220654
2564241,220547
2564260,220583
2564260,204416
2564260,220552
2564261,178972
2564284,220547
2564315,220588
2564317,220605
2564319,220605
2564401,220660
2564402,220660
2564410,204536
2564419,204573
2564451,160512
2564452,160512
2564460,121948
2564482,204524
2564496,160673
2564512,204472
2564515,204457
2564535,220690
2564549,220583
2564568,204572
2564605,163321
2564625,220540
2564651,220532
2564657,220533
2564702,220604
2564730,157130
2564737,178987
2564738,178987
2564767,74057
2564786,204528
2564794,204536
2564809,161440
2564817,220684
2565046,74041
2565087,220645
2565094,220639
2565103,220599
2565107,220585
2565108,72442
2565112,204560
2565112,122974
2565129,204557
2565131,204557
2565132,204557
2565166,220690
2565174,220690
2565186,204572
2565186,220690
2565186,204488
2565186,220669
2565186,220630
2565198,220555
2565205,220676
2565216,220602
2565226,220676
2565231,160665
2565249,160665
2565287,220676
2565292,220657
2565297,220657
2565301,178873
2565302,178873
2565305,178873
2565309,178989
2565336,204368
2565337,73778
2565346,220624
2565356,204572
2565375,220690
2565410,221338
2565429,220688
2565430,160598
2565441,204560
2565441,204436
2565441,122974
2565464,178871
2565464,220655
2565464,204449
2565467,220673
2565469,220673
2565470,122158
2565471,204412
2565472,122158
2565485,220673
2565494,220673
2565496,220599
2565497,220588
2565510,141450
2565573,204536
2565576,204536
2565577,204501
2565584,220588
2565636,73778
2565658,204536
2565659,220598
2565665,204540
2565666,165470
2565667,220615
2565670,141533
2565708,213762
2565709,220615
2565710,160548
2565712,160548
2565713,160548
2565714,160548
2565715,160548
2565716,160548
2565717,178989
2565724,230765
2565730,220653
2565733,220564
2565734,220564
2565741,204536
2565765,220583
2565773,220630
2565776,220546
2565783,160518
2565810,220540
2565823,220586
2565824,220586
2565825,220586
2565827,230765
2565828,230765
2565842,178829
2565845,226708
2565846,160598
2565848,220530
2565923,178829
2565931,74858
2565953,220642
2566072,178972
2566205,206018
2566278,178835
2566319,220536
2566331,178829
2566332,73579
2566343,141421
2566344,204416
2566345,220659
2566358,123756
2566359,123756
2566406,204570
2566407,204472
2566408,204570
2566409,220582
2566411,220539
2566412,220539
2566414,220539
2566416,220539
2566419,220539
2566420,220539
2566422,204416
2566444,204416
2566446,204407
2566446,204535
2566447,178954
2566478,178933
2566494,205865
2566520,74856
2566528,220604
2566529,220604
2566556,220578
2566557,204501
2566563,160518
2566608,218086
2566609,220550
2566618,220604
2566642,221329
2566650,220528
2566654,220534
2566706,178989
2566707,204355
2566779,220604
2566808,220604
2566809,220604
2566884,220690
2566885,180214
2566886,180214
2566887,180214
2566901,220703
2566986,220672
2567043,180214
2567063,220584
2567108,220635
2567109,220642
2567130,220574
2567135,220609
2567162,204528
2567162,204365
2567162,204455
2567162,156190
2567162,220633
2567192,225730
2567195,220542
2567201,73441
2567207,225730
2567219,213762
2567220,204396
2567221,213762
2567225,213762
2567226,220602
2567239,220625
2567257,221329
2567292,133439
2567301,220559
2567303,178829
2567313,204464
2567381,204525
2567384,141411
2567396,220690
2567397,220657
2567414,220701
2567415,226179
2567416,220676
2567541,137070
2567546,74057
2567594,178873
2567613,220558
2567615,180214
2567616,74856
2567617,204457
2567631,204488
2567632,204488
2567638,204488
2567645,66828
2567646,204520
2567662,204520
2567691,74158
2567721,220547
2567722,220547
2567723,220653
2567738,209787
2567744,123086
2567759,160512
2567771,141421
2567772,204488
2567772,160640
2567772,220630
2567806,220529
2567807,141411
2567811,204416
2567890,204570
2567911,73486
2567950,221148
2567951,221148
2567952,221148
2567964,221148
2567965,220654
2567969,221148
2567972,221148
2567989,178954
2567990,206018
2567990,74171
2567990,152605
2567990,74784
2567990,221338
2567990,220598
2567990,157130
2568006,220552
2568007,220662
2568027,160548
2568028,160548
2568029,160548
2568030,160548
2568031,160548
2568032,160548
2568033,160548
2568034,160548
2568035,74158
2568039,160512
2568041,220659
2568044,220629
2568060,204391
2568076,204512
2568082,229432
2568105,220586
2569106,220630
2569118,220621
2569122,204457
2569128,80815
2569130,80815
2569133,80815
2569135,80815
2569138,220540
2569165,220697
2569168,160512
2569350,160556
2569350,220682
2569351,204472
2569426,178881
2569523,220618
2569587,220630
2569987,73778
2570007,204355
2570013,220659
2570034,204459
2570051,204388
2570056,160666
2570089,220588
2570098,88256
2570103,220597
2570117,74848
2570127,178929
2570130,178929
2570131,178929
2570149,220657
2570205,141421
2570215,218086
2570217,220700
2570218,220574
2570225,220574
2570230,220648
2570331,74171
2570331,204407
2570331,74784
2570331,220615
2570331,220598
2570333,220598
2570338,143084
2570350,80815
2570364,220690
2570368,220690
2570371,220571
2570387,220606
2570388,220631
2570466,220635
2570467,220635
2570510,220559
2570512,220530
2570520,204495
2570520,204501
2570520,220554
2570520,221148
2570520,220556
2570520,220632
2570520,73433
2570520,73701
2570520,160538
2570520,220548
2570520,204426
2570520,141398
2570520,220704
2570520,220629
2570520,220565
2570520,220553
2570520,220671
2570520,220688
2570520,160575
2570520,204445
2570520,191923
2570520,220700
2570520,178873
2570520,220696
2570520,220527
2570520,141456
2570520,178970
2570520,178857
2570520,141464
2570520,141470
2570520,209189
2570520,74141
2570520,220640
2570520,162067
2570520,231911
2570520,74156
2570520,74858
2570520,74041
2570520,178866
2570520,160535
2570520,74398
2570520,188097
2570520,171786
2570520,204453
2570520,178986
2570520,74159
2570520,160556
2570520,74160
2570520,171617
2570520,204492
2570520,74400
2570520,160604
2570520,220606
2570520,204480
2570520,74371
2570520,178887
2570520,73604
2570520,220682
2570520,74376
2570520,74283
2570520,160569
2570520,224333
2570520,204559
2570520,160592
2570521,220618
2570522,225730
2570523,204550
2570555,80815
2570566,209787
2570581,175765
2570585,88256
2570586,220620
2570587,220620
2570588,178989
2570608,74095
2570609,220543
2570611,160598
2570612,160598
2570613,220715
2570616,204536
2570672,188097
2570673,160599
2570707,160598
2570721,73486
2570811,204464
2570814,220714
2570819,178989
2570825,220602
2570829,179000
2570847,220645
2570873,141470
2570993,225730
2571002,220537
2571030,204360
2571047,220570
2571082,220556
2571088,204550
2571218,214694
2571232,88256
2571243,141421
2571246,220594
2571309,230765
2571312,141421
2571335,220620
2571359,220559
2571364,178884
2571365,178884
2571391,178871
2571393,178843
2571394,178884
2571400,220551
2571401,98148
2571402,80815
2571403,220604
2571404,220604
2571435,230957
2571443,220604
2571454,74356
2571493,178934
2571493,220558
2571494,220604
2571498,220604
2571542,220604
2571543,220604
2571546,220604
2571548,220604
2571549,220604
2571550,220604
2571551,205865
2571561,220604
2571562,220604
2571577,220543
2571579,220604
2571597,220604
2571599,220604
2571601,220604
2571602,220604
2571603,220604
2571604,220604
2571605,220604
2571606,220604
2571607,220604
2571617,220604
2571620,220604
2571621,220604
2571623,220604
2571628,73801
2571631,220618
2571632,178829
2571635,220690
2572038,204570
2572073,221328
2572074,204427
2572105,74317
2572288,204427
2572292,178943
2572359,160556
2572372,204427
2572383,160548
2572384,160548
2572385,160548
2572386,160548
2572387,160548
2572388,160548
2572389,160548
2572390,160548
2572391,160548
2572393,160548
2572395,160548
2572401,160629
2572403,160629
2572404,160629
2572406,204368
2572415,191923
2572427,171786
2572428,178887
2572437,74065
2572438,204388
2572441,220599
2572469,233598
2572479,204571
2572502,204480
2572504,204480
2572513,225730
2572525,220615
2572560,143942
2572612,233594
2572614,74065
2572618,220586
2572619,188097
2572620,220604
2572621,160635
2572623,220539
2572624,220605
2572624,204394
2572624,160548
2572624,220662
2572624,178931
2572624,160517
2572624,220667
2572624,141533
2572626,220539
2572628,227433
2572639,74084
2572661,220615
2572674,143632
2572679,141421
2572690,122158
2572693,178927
2572697,204416
2572712,143632
2572756,139285
2572770,204501
2572775,74317
2572776,74317
2572799,204528
2572799,198197
2572836,220584
2572840,204528
2572840,204365
2572840,204455
2572840,156190
2572868,220554
2572868,74041
2572882,220546
2572890,230765
2572907,220695
2572924,221328
2572925,220540
2572930,220660
2572931,220660
2572933,220660
2572968,204482
2572975,220623
2572984,88256
2573021,204488
2573029,74057
2573051,204374
2573061,220530
2573074,220610
2573075,220610
2573083,220649
2573089,204511
2573171,220609
2573175,225730
2573214,73531
2573245,220623
2573276,204407
2573314,160598
2573327,220632
2573328,220632
2573329,220632
2573331,220632
2573384,220618
2573414,220625
2573467,73486
2573488,73486
2573501,220632
2573501,73701
2573501,220548
2573501,220704
2573501,206018
2573501,220555
2573501,220629
2573501,220671
2573501,220623
2573501,230765
2573501,220645
2573501,160575
2573501,204407
2573501,226179
2573501,220527
2573501,74848
2573501,220640
2573501,74784
2573501,178866
2573501,74398
2573501,204453
2573501,221338
2573501,204535
2573501,204464
2573521,204474
2573570,204570
2573579,204570
2573584,204536
2573591,66828
2573620,204536
2573621,204536
2573623,74848
2573624,153423
2573627,220646
2573654,220715
2573714,220536
2573796,220529
2573825,220623
2573833,178975
2573868,220604
2573869,220604
2573872,221148
2573886,74041
2573888,220604
2573889,220604
2573891,220533
2573894,220533
2573898,220533
2573900,220604
2573902,74065
2573904,74057
2573981,204574
2573985,204574
2574020,204534
2574032,226179
2574061,220641
2574063,220641
2574066,220530
2574067,220602
2574090,141555
2574105,204472
2574106,204472
2574128,204472
2574133,204472
2574135,220537
2574144,204472
2574148,204472
2574149,220690
2574153,220604
2574160,233598
2574175,220540
2574184,220529
2574268,220629
2574270,204459
2574272,220644
2574273,220644
2574290,220599
2574299,220542
2574303,220542
2574308,220542
2574409,178933
2574524,74065
2574660,220665
2574709,233594
2574760,220715
2574765,220715
2574766,220715
2574767,220715
2574768,141411
2574814,73486
2574815,73486
2574916,178886
2574917,221338
2574943,74065
2574960,226708
2575009,204355
2575027,161550
2575034,204518
2575078,73531
2575147,225730
2575161,204550
2575164,204449
2575203,178970
2575203,160535
2575203,160610
2575214,141555
2575215,220609
2575217,226708
2575302,191923
2575459,220546
2575504,220625
2575579,204351
2575602,220549
2575616,204388
2575644,220702
2575648,220604
2575650,220604
2575659,220604
2575667,204368
2575672,220540
2575697,178975
2575698,178975
2575705,220659
2575722,175765
2575768,73486
2575769,73486
2575773,72442
2575774,180214
2575804,220624
2575846,220620
2575884,229432
2575942,198197
2575945,198197
2575986,198197
2576005,220611
2576051,73486
2576106,220557
2576115,204553
2576118,178946
2576119,178946
2576169,178989
2576171,73441
2576177,220645
2576181,73486
2576182,80815
2576184,220611
2576185,80815
2576193,220559
2576243,178829
2576291,204482
2576298,220543
2576428,229432
2576448,220625
2576644,220621
2576786,220644
2577002,104552
2577143,204360
2577182,178989
2577183,178989
2577251,220638
2577282,136811
2577282,220666
2577282,220654
2577282,220534
2577282,204472
2577282,204520
2577282,220655
2577282,204449
2577282,204479
2577282,74084
2577282,204416
2577282,204387
2577282,220618
2577383,204572
2577435,220693
2577453,220547
2577458,220547
2577547,220547
2577604,88256
2577795,178970
2577805,220540
2577814,220566
2577816,220566
2577817,220566
2577897,220588
2577909,138286
2577912,220642
2577961,178835
2577963,220635
2577970,74156
2577976,81055
2577987,160640
2577989,160512
2577993,160512
2578093,204351
2578143,204449
2578239,204416
2578255,220622
2578266,220564
2578344,74057
2578344,220556
2578344,220632
2578344,73701
2578344,220548
2578344,220704
2578344,206018
2578344,220555
2578344,220629
2578344,220565
2578344,220553
2578344,220623
2578344,230765
2578344,220645
2578344,160575
2578344,204407
2578344,160598
2578344,220527
2578344,220640
2578344,231911
2578344,139285
2578344,74784
2578344,220668
2578344,74398
2578344,204453
2578344,221338
2578344,204535
2578344,204534
2578344,204464
2578530,178873
2578567,220618
2578568,226708
2578569,220618
2578588,220611
2578593,204570
2578594,221328
2578600,220588
2578601,204351
2578602,220588
2578643,220558
2578647,205865
2578664,220537
2578676,178989
2578689,204406
2578737,220681
2578763,74374
2578811,178986
2578815,204441
2578843,204416
2578845,220611
2578861,220568
2578871,220568
2578873,220609
2578875,73778
2578876,220574
2578880,178947
2578882,220604
2578883,220604
2578885,220604
2578890,204557
2578899,220604
2578900,220604
2578902,73579
2578903,220604
2578904,220604
2578921,204557
2578938,204557
2578939,204557
2578942,220604
2578944,220604
2578946,220604
2578948,204416
2578956,220604
2578957,143632
2578993,204570
2579013,220604
2579014,220604
2579015,220604
2579016,220604
2579027,220615
2579029,204479
2579030,204479
2579035,220604
2579036,220604
2579037,220604
2579042,171623
2579045,198783
2579083,220697
2579091,74574
2579099,220604
2579100,220604
2579114,226708
2579118,160558
2579120,160558
2579127,92699
2579128,230765
2579156,204536
2579169,225730
2579171,225730
2579172,163321
2579186,220548
2579208,220585
2579214,80815
2579217,220585
2579218,74043
2579222,74043
2579424,198197
2579697,220552
2579732,220534
2579734,204494
2579736,178829
2579738,220642
2579739,88256
2579740,178829
2579742,73486
2579744,220604
2579745,220604
2579747,220604
2579748,220594
2579750,220604
2579751,220604
2579754,220604
2579755,220604
2579756,220604
2579759,220604
2579761,220604
2579763,220604
2579764,220604
2579768,198197
2579769,198197
2579772,220604
2579774,220604
2579804,88256
2579805,204464
2579825,204479
2579826,80815
2579886,73486
2579897,220621
2579952,80815
2580004,73486
2580011,73486
2580029,220540
2580030,220540
2580037,220626
2580093,204524
2580095,220621
2580213,150418
2580314,220574
2580406,220574
2580409,220574
2580776,220632
2580783,204398
2580802,178966
2580809,220626
2580830,91228
2580834,160629
2580835,160629
2580840,80815
2580848,98057
2580867,220694
2580888,220588
2580912,109429
2580917,220547
2580918,220547
2581020,220604
2581095,220604
2581100,220604
2581117,220602
2581122,220558
2581193,204404
2581195,204404
2581203,204404
2581207,204404
2581216,220552
2581258,233598
2581262,220604
2581271,153423
2581305,220604
2581306,220604
2581341,73778
2581342,204557
2581347,220604
2581348,220604
2581349,220604
2581378,220604
2581390,98057
2581394,220690
2581395,178887
2581398,204536
2581423,178858
2581436,220659
2581436,220644
2581478,73486
2581479,225730
2581481,204444
2581482,204536
2581513,225730
2581527,220604
2581551,220604
2581571,220556
2581572,220556
2581615,204508
2581616,220604
2581627,220604
2581635,220604
2581638,220604
2581641,220604
2581644,220604
2581646,220604
2581649,220604
2581652,80815
2581695,213762
2581712,204574
2581717,204574
2581792,141518
2581801,204391
2581807,204391
2581843,204391
2581925,204416
2581928,74283
2581930,160758
2581931,160559
2581934,175765
2581935,220549
2581936,220604
2581937,220604
2581938,220690
2582000,220556
2582033,220649
2582046,220604
2582050,66828
2582052,220604
2582053,220683
2582055,220604
2582056,220604
2582061,220604
2582062,220604
2582078,220559
2582138,178887
2582185,204512
2582194,220604
2582195,220604
2582222,178989
2582233,220560
2582234,220560
2582235,220560
2582236,220560
2582270,178989
